일시,기온,강수량(mm),습도,최대 풍속(m/s),전운량(10분위),평균 풍속(m/s),최대 순간 풍속(m/s),풍력 설비용량(MW),풍력 발전량(MWh)
2020-01-01,4.1,3.7,62.9,4.7,8,2.5,8.2,,2346.514
2020-01-02,7,,68.5,3.5,6.3,2.1,6.9,,1222.709
2020-01-03,8.2,,66.8,5.4,6.6,2.4,8.3,,2151.035
2020-01-04,7.3,,65.5,5.2,2,2.7,8.5,,2189.227
2020-01-05,7.9,,64,3.6,5.6,1.5,5.8,,874.897
2020-01-06,14.6,0.3,75.3,5,9.6,3,7.2,,1573.5
2020-01-07,17.3,,82.6,7.8,7.6,4.8,12.3,,4027.799
2020-01-08,7.5,,66.5,8.5,9.4,4.7,13,,4539.742
2020-01-09,6.4,,65.5,4.7,9.1,2.9,7.8,,3747.655
2020-01-10,7.2,3.6,65.9,4,5.4,2.2,6.7,,1292.542
2020-01-11,7.4,17.3,60.9,4.5,9.1,3,8.5,,2798.497
2020-01-12,6.5,0.1,59.6,6.4,8.6,3,10.2,,3934.716
2020-01-13,6.1,0.2,57.5,4.4,8.8,2.4,8.7,,2224.951
2020-01-14,3.2,8.7,78.4,3.7,7.4,1.8,6.3,,1479.409
2020-01-15,4.3,1.6,64.3,3.7,8.5,2,7.9,,1709.575
2020-01-16,5.4,3.8,57.3,4.1,8.8,2.1,6.4,,1294.013
2020-01-17,5.9,7.7,52.3,6.2,4.9,3.4,10.5,,3398.168
2020-01-18,5.8,0.2,56.6,6.2,2.4,3.5,11.1,,4208.495
2020-01-19,7.3,0.1,60.5,4.8,7.5,2.9,7.9,,2184.183
2020-01-20,7.2,1.1,52,6.5,6,2.9,12,,3005.281
2020-01-21,6.3,17,62,4.4,3.9,2,7.5,,1413.062
2020-01-22,10.8,6.7,89.1,2.1,10,1.1,3.3,,383.078
2020-01-23,10.8,,85.4,3.8,8.6,1.9,7.3,,1368.337
2020-01-24,11.3,,64.9,4.5,9,2.6,7.3,,1577.447
2020-01-25,12.5,1.1,68,4.7,9.8,3.4,8.3,,1646.743
2020-01-26,11.9,,69.1,6.9,10,4.5,12.1,,2937.12
2020-01-27,9.2,,82.5,7.9,8.6,5.1,13.3,,4147.036
2020-01-28,8.8,,75.9,4.1,7.4,2.2,6.4,,1050.1
2020-01-29,8,,72.9,5.1,7,2.9,8.5,,2761.393
2020-01-30,7.4,0,63.6,4.8,6.8,2.6,8.9,,3792.157
2020-01-31,6.1,,58.9,5.4,7.4,2.6,9.1,,2559
2020-02-01,6.5,,63,4.9,2.5,2.5,8.5,,2029.632
2020-02-02,6.5,,65.5,4.6,3.1,2.5,7.4,,1247.228
2020-02-03,6,,66,4.5,6.1,2.4,7.8,,1995.878
2020-02-04,4.8,,59.4,4.1,1.9,2.5,7.7,,1635.056
2020-02-05,1.8,,64,5.7,3.6,3.3,10.4,,4032.624
2020-02-06,2.4,,53.8,5,5.6,2.6,8.7,,2375.856
2020-02-07,5.9,,56.8,4.9,7.9,2.6,9,,2144.027
2020-02-08,5.8,,54.4,4.5,6.6,2.8,9.3,,4810.338
2020-02-09,5.4,,57.5,5.2,5.8,2.6,8,,2892.191
2020-02-10,8.7,,65.1,4.6,1.5,2.4,7.5,,1497.51
2020-02-11,10.8,,69.8,5.4,8.1,2.2,7.4,,506.882
2020-02-12,13.4,,86.1,6.9,9.4,3.5,10.5,,2199.925
2020-02-13,11.6,,75.3,4.3,8,1.8,7.4,,383.786
2020-02-14,12.6,,80,3.4,5.1,1.5,4.5,,86.738
2020-02-15,15.4,,82.8,4.6,9.3,2.2,7,,663.417
2020-02-16,4.9,,69.5,8.7,9.5,5.4,13.9,,4380.84
2020-02-17,1,,72.8,6.7,8.8,4.5,12.4,,4447.29
2020-02-18,3.8,,58.1,6.2,4.6,3.7,10.2,,4058.484
2020-02-19,6.3,,60.3,3.5,5,2.3,8,,996.99
2020-02-20,8.7,,63.6,4,2.1,2.2,6.2,,459.417
2020-02-21,12.3,,69.6,3.7,4.5,2.1,6.9,,887.83
2020-02-22,10.2,,55.5,5.4,4.4,3.1,9,,3011.266
2020-02-23,6.8,,59.4,4.2,0.9,1.9,6.3,,1160.713
2020-02-24,12.6,,67.6,5.7,4.9,3.1,8.4,,1479.666
2020-02-25,15.3,,88,9.2,9.4,3.5,12.6,,2572.768
2020-02-26,11.2,,79,4.5,7,2.9,7.9,,1585.591
2020-02-27,9.3,,63.1,5.7,5.6,3.2,9.5,,1798.042
2020-02-28,10.3,,73.5,5.4,9.5,3.3,7.7,,908.373
2020-02-29,12,,88.6,4.1,9.5,2.7,7.7,,581.66
2020-03-01,11.8,,74.1,4.8,9.6,2.7,9.3,,1489.073
2020-03-02,7.3,,59.6,5.4,5.1,3.3,9.6,,3415.86
2020-03-03,10.9,,67.9,4.5,9.4,2.3,6.6,,356.12
2020-03-04,7.5,,57.5,7.3,8.5,3.9,11.3,,4031.784
2020-03-05,5.4,,51.6,5.7,2.3,3.3,10.4,,3113.424
2020-03-06,8.5,,64.1,3.9,6.1,2.3,6.1,,369.627
2020-03-07,9.9,,85.6,3.9,9.6,2,6.6,,912.528
2020-03-08,11.5,,71.3,4.2,4.4,2.1,6.2,,697.33
2020-03-09,13.3,,80.1,7.4,9,3.5,11.7,,1240.323
2020-03-10,9.4,,74.1,8.4,6.8,4.3,12.6,,4921.241
2020-03-11,7.4,,46.6,7.1,1.1,3.9,10.9,,3497.526
2020-03-12,9,,59.4,4.8,3,2.5,7.5,,458.522
2020-03-13,10.7,,58.5,6.5,9.1,3,10.6,,1954.008
2020-03-14,6.4,,48.8,6.5,3.1,3.6,11.1,,3565.011
2020-03-15,9.6,,49.8,7.4,2.6,3.6,12,,3162.054
2020-03-16,6.3,,51.8,5.2,4.1,2.5,9.9,,1534.042
2020-03-17,9.9,,64.5,6.3,3.5,2.8,9.1,,720.831
2020-03-18,12.9,,74.8,5.7,1,2.9,8,,727.22
2020-03-19,12.1,,56,7.1,3,4.1,12.6,,3110.114
2020-03-20,10.3,,46.3,5.1,0,2.4,7.6,,1270.559
2020-03-21,15.9,,63.4,6.2,4.4,4,9.4,,1396.96
2020-03-22,15.4,,68.3,6.2,7.4,2.6,9.5,,1623.105
2020-03-23,13.3,,36.3,5.7,2.6,3.3,9,,2869.116
2020-03-24,11.9,,62.9,4.8,0.3,2.6,7.8,,1048.602
2020-03-25,14.7,,70.4,4.6,4,2.5,6.3,,938.006
2020-03-26,16.6,,90.8,7.2,10,3.4,11.7,,1857.932
2020-03-27,12.8,,79.5,8.2,8.6,4.2,13.2,,3822.614
2020-03-28,8,,65.1,6.2,9.1,3.1,11.2,,3303.074
2020-03-29,11.4,,63.4,3.7,8.3,2.5,6.2,,667.792
2020-03-30,13,,66.8,4.5,8.5,2.6,7.2,,735.782
2020-03-31,12.9,,72.5,4.6,5.5,2.5,7.7,,1068.676
2020-04-01,11,,59.4,6.9,6.3,4.5,11.2,,4423.692
2020-04-02,11.2,,56.8,4.7,5.5,2.6,7.9,,1554.583
2020-04-03,13,,44.5,3.7,4.6,2.2,6,,1406.532
2020-04-04,11.9,,46.4,7.3,2.3,4.1,11.4,,3160.346
2020-04-05,9.1,,46,5.2,1,3.5,9.7,,3105.626
2020-04-06,11.1,,47.1,4.8,3.8,2.9,7.5,,1203.613
2020-04-07,13.2,,34.4,5.4,1.8,3.2,9.3,,1869.464
2020-04-08,13.2,,36.9,4.9,1.1,3.2,9,,2310.203
2020-04-09,11.9,,41.4,5,1.3,2.7,8.1,,1827.655
2020-04-10,13.3,,54.6,4.3,5.6,2.5,6.9,,1037.388
2020-04-11,12,,80.1,4.5,9.4,2.4,8,,965.527
2020-04-12,8.8,,84.8,5.7,8.4,2.7,8.2,,3102.649
2020-04-13,10.2,,53.8,5.4,2,3.4,10.3,,3315.958
2020-04-14,13.4,,42,4.5,4.9,2.4,6.6,,595.453
2020-04-15,12.5,,51.4,3.9,6,1.9,6.4,,94.159
2020-04-16,14.5,,66.1,5,3,2.7,6.6,,875.552
2020-04-17,16,,78.4,6.7,8.3,3.6,11.1,,2576.122
2020-04-18,12.7,,66.1,5.3,3.1,2.5,9.1,,1745.462
2020-04-19,13.2,,85.8,7.1,9.8,3.9,10.6,,2258.05
2020-04-20,14.1,,71.1,6.5,7.9,3.3,10.7,,2761.683
2020-04-21,11.9,,40.3,6.3,9,3.1,10.4,,3091.325
2020-04-22,9.9,,48.1,6.3,6.1,3.6,11.3,,2927.892
2020-04-23,10.2,,46.9,6.6,4.8,4,10.6,,3271.046
2020-04-24,11.3,,52.9,5.1,1,2.2,7.3,,1283.611
2020-04-25,15.6,,63.8,8.5,0,4.9,12.2,,2221.906
2020-04-26,13.8,,50.8,5,4.6,2.6,9.8,,1167.568
2020-04-27,14,,40.9,4.8,3.5,3,7.8,,1216.618
2020-04-28,13.3,,46.1,5.2,0,2.8,8.3,,957.453
2020-04-29,14.2,,47.5,4.8,0.3,2.3,6.9,,699.388
2020-04-30,17.9,,69.6,7,1.8,3.9,10,,2236.29
2020-05-01,20.1,,71.8,7.5,4.3,4.9,10.5,,2265.701
2020-05-02,18.7,,86.6,4.4,9.6,2.9,7.4,,1821.342
2020-05-03,18.5,,91.5,6.8,7.5,2.4,9.8,,1194.09
2020-05-04,19.4,,77.6,5.9,3.8,2.4,9.1,,1305.787
2020-05-05,17.9,,85.8,3.9,7.5,1.9,5.9,,466.984
2020-05-06,18.4,,76.3,5.5,3.3,3.1,8.7,,1052.734
2020-05-07,17.1,,69.5,5.6,2.4,3.9,8.9,,1727.867
2020-05-08,18.9,,79.5,5.5,9.1,3.1,8,,2625.6
2020-05-09,18.4,,89.8,8,9.4,3.4,12.3,,2434.632
2020-05-10,16.5,,75.1,6.4,6.8,2.9,9.7,,1792.462
2020-05-11,17.4,,79.6,4.3,1.6,1.6,6.7,,869.507
2020-05-12,18.5,,54.9,5.7,4.3,2.7,9,,2013.912
2020-05-13,16.6,,50.5,3.9,0.5,2.1,6.5,,860.546
2020-05-14,17.8,,68.5,3.7,6.8,2.1,5.4,,1539.255
2020-05-15,19.1,,92.8,6.6,9.3,2.6,10.3,,1992.73
2020-05-16,18.6,,91.4,3.4,8.4,1.4,4.8,,138.279
2020-05-17,17.5,,85.5,4.3,8.1,1.8,6.3,,291.978
2020-05-18,18.3,,87.6,8.1,7.4,2.6,12.2,,1716.298
2020-05-19,16.8,,59.9,9.6,1.6,4.3,15.2,,2572.7
2020-05-20,15.9,,68.6,5.3,3.4,2.3,7.5,,916.761
2020-05-21,16.5,,77.8,4.1,6.4,2.2,5.3,,487.995
2020-05-22,17.9,,79.6,5,5.9,3,7.5,,840.575
2020-05-23,18.3,,83.6,3.5,6.3,1.6,5.2,,381.636
2020-05-24,20.2,,80.9,4.5,4.5,2,6.2,,525.324
2020-05-25,18.9,,85.8,2.4,9.4,1.2,4,,195.1
2020-05-26,17.6,,71.6,3.1,7.8,1.4,4.4,,356.674
2020-05-27,18.9,,61.5,4.7,6.5,2.2,8.1,,1200.719
2020-05-28,18.5,,60.9,4.6,5,2,7.7,,798.051
2020-05-29,19.6,,57.1,4.4,5.4,2.3,6.4,,326.558
2020-05-30,19.2,,86.4,3.2,10,1.4,4.6,,238.888
2020-05-31,18.4,,94.6,4.1,8,2,6.8,,668.188
2020-06-01,20.3,,73.3,4.3,5.4,2.2,7,,768.414
2020-06-02,18.6,,76.5,5.3,2.8,2.8,7.3,,515.973
2020-06-03,20.9,,86.4,4.5,9.6,2.2,7.7,,548.033
2020-06-04,20.6,,80.8,3.8,7.4,1.6,5.4,,176.49
2020-06-05,20.2,,87,3.8,8.4,1.5,5.3,,76.501
2020-06-06,20.5,,87.8,3.8,8.4,2,5.9,,291.921
2020-06-07,20.4,,81.6,3.4,2.6,1.9,5.5,,105.134
2020-06-08,21.3,,82.1,3.5,1.3,1.8,5.6,,371.455
2020-06-09,23.4,,83.5,3.9,3,1.6,6.4,,1807.921
2020-06-10,22.6,,92,4.6,7.6,2.2,6.6,,1788.173
2020-06-11,22.3,,90.3,4.1,8,1.3,5.8,,354.563
2020-06-12,22.1,,91.5,4.1,7.8,1.7,6.2,,430.014
2020-06-13,23.6,,94.1,5.4,9.8,3.5,8.9,,1357.705
2020-06-14,23,,93.1,5.9,9.9,2.6,9.8,,1484.82
2020-06-15,22.3,,84.3,4.6,8.4,1.6,6.5,,244.992
2020-06-16,22.8,,75.6,3.9,8.1,1.6,5.4,,402.764
2020-06-17,20.5,,80.6,2.9,10,1.2,4.3,,211.659
2020-06-18,19.4,,93.9,4.4,9.8,2.5,7.3,,951.913
2020-06-19,20.1,,83.8,4.6,4.6,2.5,8,,819.627
2020-06-20,21.2,,82.4,4,7.5,2.1,5.9,,185.049
2020-06-21,21.3,,82.3,4.4,6.6,2.6,7,,622.872
2020-06-22,22.2,,84,3.7,2.9,1.8,5.7,,225.21
2020-06-23,23.4,,85,2.7,5,1.5,4.2,,1405.306
2020-06-24,22.9,,93,5.6,9.5,3.1,8.7,,2923.39
2020-06-25,21.9,,94.5,3.2,9.6,1.2,4.4,,182.612
2020-06-26,22.5,,80.5,3.4,4.8,1.7,5.2,,225.283
2020-06-27,23,,88,3.2,8,1.4,5.1,,147.81
2020-06-28,24.9,,73,4.1,7,1.9,6.8,,700.608
2020-06-29,22.2,,92.3,11.2,9.1,3.7,15.6,,2244.135
2020-06-30,22.4,,73.4,8.7,6.1,4.8,14.2,,3164.647
2020-07-01,22,,70.3,4.9,2.4,2.7,8.4,,1241.355
2020-07-02,21.8,,74.4,2.9,8.4,1.2,4.5,,55.658
2020-07-03,21.2,,92.6,4.2,10,2.6,7.3,,991.945
2020-07-04,20.6,,89.5,3.8,9.3,2.1,7.1,,366.539
2020-07-05,22.7,,88.9,2.8,9.4,1.1,4,,94.4
2020-07-06,22.7,,93.6,4.4,10,1.5,6.4,,288.645
2020-07-07,21.5,,93.9,3.7,7.8,1.3,5.2,,268.755
2020-07-08,22.4,,86.8,4.4,5.3,1.3,6.8,,207.702
2020-07-09,23.7,,90.3,4.2,8.4,1.8,6.5,,519.011
2020-07-10,24.4,,90,6.1,8.6,2.4,9.7,,1055.033
2020-07-11,23.2,,87.9,3.5,,1.3,4.9,,137.445
2020-07-12,23.1,,94.9,7.1,,3.3,10.1,,1885.427
2020-07-13,23.8,,91.5,5.8,10,3.6,9.1,,2628.281
2020-07-14,21.7,,76.1,6.7,9.3,3,10.3,,2492.935
2020-07-15,21.5,,75.8,5.1,8.9,2.4,6.8,,861.372
2020-07-16,21.7,,80.8,4.7,3.3,2.4,7.2,,356.608
2020-07-17,22,,79.8,4.1,3.6,2.1,6,,190.209
2020-07-18,23.3,,88.6,5.1,9.8,1.6,7.4,,939.482
2020-07-19,25.4,,93.3,6,7.8,3.5,9.5,,3443.365
2020-07-20,24.9,,89.3,6,7.9,2.5,9.8,,1224.652
2020-07-21,24,,88.3,4.1,9.6,1.3,6.2,,305.238
2020-07-22,25.2,,92.3,4.8,9.1,2.3,6.9,,365.408
2020-07-23,24.6,,93,6.9,9.6,3.8,11.3,,3225.729
2020-07-24,23.7,,75.8,7.2,6.9,4.8,11.8,,3726.75
2020-07-25,23.4,,77.9,4.3,6.3,2.1,6.4,,1344.481
2020-07-26,23.2,,83.4,3.7,6.3,1.5,5.7,,123.497
2020-07-27,24.3,,93.3,5.1,10,2.2,8.2,,969.591
2020-07-28,26.4,,91.5,5.3,8,3.5,8.5,,1417.662
2020-07-29,26.9,,90.4,4.9,5.3,3.1,7,,933.117
2020-07-30,27.4,,88.8,4.2,4.6,2.9,6.5,,363.215
2020-07-31,26.7,,85.1,,6.3,,,,230.421
2020-08-01,26.9,,86.8,,6.6,,,,977.265
2020-08-02,27.9,,86.1,,4.6,,,,1787.634
2020-08-03,27.7,,84.4,,6.5,,,,1956.992
2020-08-04,28.1,,84.5,,5.4,,,,2623.307
2020-08-05,27.3,,87.3,,7.9,,,,3855.226
2020-08-06,27,,92.8,5.9,9.1,4.2,8.9,,3059.188
2020-08-07,27.4,,89.3,5.6,9.8,4,8.6,,2419.173
2020-08-08,27.5,,87.8,7.5,8.3,4.8,12,,3428.407
2020-08-09,27.5,,85.3,7.9,6,4.8,11.7,,4009.078
2020-08-10,26.7,,89.5,6.7,8.9,3.2,10.6,,2036.92
2020-08-11,27.4,,90.8,5.9,6.5,3.8,10.8,,2670.821
2020-08-12,28,,88.9,5.9,5,3.3,9.2,,1952.973
2020-08-13,28.9,,83.8,6.3,2.8,4.2,9.8,,1832.29
2020-08-14,29.1,,80.5,6,2.7,4.2,9.2,,1350.855
2020-08-15,29.1,,78,4.7,2,3.3,7.2,,586.78
2020-08-16,28.5,,80.4,4.9,2.8,2.5,7.1,,426.812
2020-08-17,27.7,,79.6,3.5,2.3,1.8,4.9,,150.389
2020-08-18,28,,74.4,3.6,1.6,1.7,6.3,,67.193
2020-08-19,28,,73.5,4.5,1.1,2.1,6.2,,278.057
2020-08-20,27.3,,77.8,3.8,1.6,1.7,5,,181.279
2020-08-21,27.6,,77.9,4.2,1.8,2,6,,170.652
2020-08-22,27.8,,80.1,4.1,6.5,2,6.3,,235.865
2020-08-23,28,,77.4,4.1,5,1.8,6.3,,99.892
2020-08-24,29.5,,74.3,3.8,4,2.5,5.9,,343.807
2020-08-25,29.4,,79.3,8.9,7,5.5,13.2,,2996.422
2020-08-26,27.6,,85.4,11,9.9,7.8,15.8,,2986.197
2020-08-27,27.5,,87.6,6.8,6.4,4,10.3,,2239.306
2020-08-28,27.6,,86.3,4.9,8,2.4,7.1,,1198.47
2020-08-29,27.8,,85.4,4.1,6.4,2.5,6.5,,1413.134
2020-08-30,27.5,,82.1,3.5,3.1,1.4,4.9,,95.808
2020-08-31,27.6,,82.4,4.8,4.4,3.1,8.7,,1012.494
2020-09-01,27.5,,85.8,4.9,7.3,3.7,8.8,,2004.988
2020-09-02,26.2,,88.9,16.3,10,7.7,29.4,,2550.965
2020-09-03,24.9,,67.8,10.1,2.3,4.1,14.5,,1100.692
2020-09-04,23.1,,69.4,2.8,2.3,1.6,4,,143.919
2020-09-05,20.9,,80.3,5.2,9.9,2.5,9.2,,622.712
2020-09-06,21.8,,88.9,5.8,10,3.8,11.4,,2758.532
2020-09-07,22.6,,79.1,10.6,5.9,5,16.2,,2477.044
2020-09-08,25.4,,82.6,5.1,2.3,2.9,7.4,,563.599
2020-09-09,25.1,,78.8,4.5,6.1,2.7,6.7,,487.442
2020-09-10,23.8,,79.1,2.8,7.3,1.5,4.3,,111.757
2020-09-11,22.8,,83.9,4.4,10,1.6,6.9,,251.659
2020-09-12,22.1,,84.1,3.5,6.3,1.7,6.8,,375.803
2020-09-13,22.5,,84.6,4.5,7.9,2.3,6.9,,253.861
2020-09-14,23.2,,79,3.8,7,1.6,7.8,,72.795
2020-09-15,23.1,,78.3,3.1,8.9,1.9,4.8,,122.577
2020-09-16,22.5,,90.9,4.1,8.8,1.6,6.7,,358.807
2020-09-17,20.5,,90,3.5,10,1.5,5.4,,548.672
2020-09-18,19.6,,75.6,3.9,8.5,2.1,6.9,,969.172
2020-09-19,20.8,,63.3,3.6,5.4,2.1,5.5,,338.362
2020-09-20,21.2,,59.1,4.5,1.3,2.3,6.2,,704.982
2020-09-21,21.4,,64.1,4,5.4,2.2,7,,472.12
2020-09-22,21.4,,64.6,5.5,7.9,4.1,9.9,,2276.339
2020-09-23,21.4,,74.4,5.7,9.3,4.2,9.7,,2223.93
2020-09-24,21.6,,74,5.5,6.3,4.1,10.3,,1806.178
2020-09-25,21.7,,69.8,3.7,5.5,2,7.5,,616.402
2020-09-26,21.1,,71.3,3.8,5.4,1.8,6.2,,129.071
2020-09-27,21.2,,69,4.8,4.1,3.4,8.3,,1073.121
2020-09-28,21,,61.9,4.8,3.1,3.5,8.4,,1303.157
2020-09-29,20,,63.3,4.1,5.6,2.3,7.3,,756.525
2020-09-30,20.7,,70.8,3.6,3.6,2.1,7.4,,930.247
2020-10-01,20.6,,73.1,3.7,4.3,2.2,5.4,,171.282
2020-10-02,20.8,,72.4,2.9,4.4,1.7,3.9,,34.805
2020-10-03,21.5,,71.4,3.2,8.3,1.6,4.4,,63.89
2020-10-04,20.8,,77,3.9,9.9,1.4,7.1,,841.756
2020-10-05,17.4,,51.5,4.4,5.1,3,9.6,,3604.846
2020-10-06,17.4,,53.9,4.5,5.4,2.4,8.1,,1937.388
2020-10-07,20.2,,56.5,5.6,5,3.9,10.2,,2366.871
2020-10-08,20.3,,57.8,7.7,6.4,5.6,13.9,,4109.835
2020-10-09,20,,57.5,6.3,9.4,4.6,10.9,,3088.459
2020-10-10,19.7,,68.1,3.7,5.9,2.3,6.6,,577.276
2020-10-11,19.5,,67.6,3.9,6.6,2.6,7.2,,321.393
2020-10-12,19.4,,65.5,5.5,4.3,2.9,9.4,,1769.6
2020-10-13,17.1,,54.9,5.9,4,3,10.5,,3073.086
2020-10-14,17.6,,51,4.9,4,2.5,8.3,,1684.522
2020-10-15,16.8,,47.8,4,6.4,2.1,7.3,,1381.818
2020-10-16,16.4,,68.9,4.2,9,2,6.5,,751.777
2020-10-17,16.1,,61.5,4,3.6,2.3,7,,857.166
2020-10-18,17,,64.9,3.6,6.3,2.3,6.8,,480.816
2020-10-19,17.2,,59.9,3.7,4.5,2.2,6.9,,675.25
2020-10-20,19.3,,56.8,4.4,2.8,2.8,7.4,,1056.295
2020-10-21,19,,76.8,3.7,9.9,2.3,7.4,,819.458
2020-10-22,16.7,,69.9,5,9.5,2.6,9,,3241.98
2020-10-23,14.4,,50.5,7,5.9,3.7,12.1,,4169.049
2020-10-24,13.9,,55,8.1,2.9,3.8,12.7,,3339.375
2020-10-25,15.2,,62.6,5.1,3.4,2.7,8.1,,1831.941
2020-10-26,15.2,,63.4,4.1,2.5,2.6,6.9,,947.119
2020-10-27,15.6,,69.4,4,4.1,2.3,5.8,,309.786
2020-10-28,17.2,,65.5,4.4,8.4,2.3,7.7,,1789.883
2020-10-29,14.4,,51.3,5.2,4.9,2.8,8.6,,2628.836
2020-10-30,15.9,,53.5,4.7,4.4,2.9,8,,1640.358
2020-10-31,16.1,,56.5,4,3.6,2.6,7.4,,477.285
2020-11-01,17.5,,65.9,3.7,6.9,2,5.9,,238.432
2020-11-02,14.2,,73.9,3.6,6.6,2,6.3,,1084.09
2020-11-03,11.8,,52.6,5,4.8,3,10.8,,2681.802
2020-11-04,10.7,,54.3,4.4,3.8,2.6,8.4,,1859.671
2020-11-05,14.1,,56.3,3.7,4.6,2.1,5.7,,319.163
2020-11-06,17.9,,75.5,3,7,1.4,4.2,,221.404
2020-11-07,17.4,,66.9,4.4,5.9,2.4,6.6,,887.688
2020-11-08,13.8,,50,7.1,0.8,3.5,10.7,,2479.855
2020-11-09,10.5,,46.4,4.5,1.5,2.9,8.7,,2654.645
2020-11-10,11.3,,56.3,4.7,1.4,2.4,8.2,,1207.796
2020-11-11,11.9,,59.9,4.1,0.9,2.5,6.5,,389.712
2020-11-12,14,,67.1,3.7,3.6,2.1,6.2,,305.996
2020-11-13,14.4,,57.8,4.1,0.3,2.5,7.6,,1188.666
2020-11-14,16.8,,64,4.4,4.9,2.5,7.3,,697.181
2020-11-15,15.9,,74.9,3.8,5.8,1.7,5.7,,155.418
2020-11-16,16.9,,81.4,5.1,7.5,2.2,7.3,,329.081
2020-11-17,20.1,,85.4,4.9,4.5,2.2,6.3,,917.395
2020-11-18,21.7,,80.1,6.8,8.5,4.1,10.3,,3455.492
2020-11-19,19.9,,81.4,8.1,7.6,4.8,12.5,,3815.846
2020-11-20,12.4,,65,7.6,8.9,3.7,12.2,,3532.269
2020-11-21,14.1,,65.4,5,7.4,2.4,6.6,,696.087
2020-11-22,13,,75.9,6,9.6,2.5,10.1,,2309.058
2020-11-23,9.4,,55.4,6,6.3,3.5,10.5,,3639.672
2020-11-24,9.7,,44.4,5.4,5.1,3.5,8.9,,2320.783
2020-11-25,10.8,,53.3,6.3,5.3,3,9.9,,1750.527
2020-11-26,10.7,,63.8,4.2,8.8,2.2,6.8,,1242.856
2020-11-27,10.4,,56,5.6,9,3.5,10,,3680.407
2020-11-28,7.9,,50.8,5.6,9.5,3.1,10.9,,3917.631
2020-11-29,8,,60.5,3.5,8.1,1.9,8,,2092.032
2020-11-30,7.6,,58.5,3.6,6.5,1.9,6.8,,1707.331
2020-12-01,6.8,,51.8,3.8,3.1,2.2,6.8,,1365.12
2020-12-02,9,,53.1,3.8,5.1,2.2,7.3,,1959.354
2020-12-03,7.7,,52.3,4.7,3.1,2.7,8.5,,3312.251
2020-12-04,6.5,,52.5,5.6,5.6,2.6,9.6,,3396.627
2020-12-05,7.1,,57.6,3.8,5,2.3,8,,1579.444
2020-12-06,7.8,,56.1,4.7,2.1,2.6,8.1,,1489.04
2020-12-07,9.4,,58.5,4,6.8,2.3,6.8,,1334.622
2020-12-08,7,,62.8,3.9,6.1,1.9,8.2,,1598.228
2020-12-09,6.5,,62.1,3.4,2.9,2.1,6.4,,880.925
2020-12-10,9.7,,51.8,3.9,8.3,2.3,6.9,,1000.423
2020-12-11,10.6,,65.6,2.5,9.1,1.2,4.9,,303.956
2020-12-12,8.2,,56.3,4.6,4.9,2.5,9.5,,2178.725
2020-12-13,8.8,,50.1,4.8,7,2.6,8.5,,1964.606
2020-12-14,2.3,,53.5,4.7,9.4,3.1,9.5,,4078.639
2020-12-15,1.4,,60.8,5.2,7.6,2.3,8,,2243.926
2020-12-16,2.2,,65.9,3.8,8.1,1.9,8.4,,2765.627
2020-12-17,4.5,,60.5,4.7,7.6,1.8,7.9,,1795.705
2020-12-18,6.3,,58,4.9,8.9,1.8,8.8,,1688.255
2020-12-19,3.4,,43,5.4,4.1,3.1,9.5,,3982.458
2020-12-20,5.6,,54,3.5,8.4,2.2,7,,2030.045
2020-12-21,5.8,,55.1,4.5,7.4,1.8,7.3,,906.699
2020-12-22,6.5,,58.5,3.9,4.4,2.3,5.9,,389.86
2020-12-23,9.5,,62.8,3.9,6.9,2.1,13,,167.402
2020-12-24,10,,56.5,7.6,6.4,2.6,12.3,,2656.333
2020-12-25,6.3,,50.6,6.2,6.5,3.1,10.1,,2837.52
2020-12-26,6.4,,62.4,3.3,5,1.6,5.3,,247.992
2020-12-27,11,,82.5,6.3,9.3,2.7,8.7,,948.943
2020-12-28,10.8,,74.6,3.9,3.1,1.9,6.5,,587.421
2020-12-29,9.2,,79.9,6,9,2.6,10.6,,1887.63
2020-12-30,0,,72.1,9.3,9.5,5.4,16,,3488.283
2020-12-31,1.3,,68.1,5.2,9,2.9,10,,3507.58
2021-01-01,3.6,,63.9,4,9,2.1,6.8,,1082.144
2021-01-02,4.6,,59.5,4.1,6.1,2.3,8.3,,2366.248
2021-01-03,3.3,,57.8,4.2,7.6,2,8.7,,2142.804
2021-01-04,5.2,,59.5,4.1,4.4,2.1,7.2,,689.011
2021-01-05,4.2,,63.3,4.5,9.3,2.6,9.7,,2809.287
2021-01-06,1.8,,71,5.2,9.3,2,9,,2455.796
2021-01-07,-2.8,,77,6.7,10,3,12,,3558.808
2021-01-08,-2.4,,76.8,6.1,8.3,2.8,11.1,,3485.583
2021-01-09,-0.7,,74.1,5.9,7.9,2.6,10.5,,3189.087
2021-01-10,1.5,,69.9,4.9,8.3,2.2,7.3,,1630.012
2021-01-11,2.7,,73.4,4.1,9.5,1.9,6.5,,627.318
2021-01-12,3.3,,65.1,4.4,6.1,2.4,7.3,,1789.919
2021-01-13,8.5,,50.5,5.7,2.6,3.1,9.1,,1579.162
2021-01-14,9.8,,64,4,0.6,2.2,6.1,,802.548
2021-01-15,13.6,,62.3,6.5,5.3,3.8,10.5,,2571.625
2021-01-16,4.4,,59.9,6.4,8.5,4.2,10.9,,4692.867
2021-01-17,0.7,,74.6,4.1,8.9,2.3,9.2,,2982.075
2021-01-18,5.5,,51.4,6,5.9,3.6,9.3,,2679.935
2021-01-19,2.5,,55,4.5,1.6,2.2,8,,1868.689
2021-01-20,9.8,,61.1,3.7,7,2.3,5.4,,356.094
2021-01-21,13.3,,77.6,3.5,8,2,5.4,,584.668
2021-01-22,12.6,,87.4,3.1,9.6,1.4,4.9,,593.653
2021-01-23,13.2,,81.6,6.3,9.5,3.9,11.1,,2571.11
2021-01-24,11.5,,62.1,6.3,7.1,4.3,9.8,,2330.033
2021-01-25,12.8,,63.5,5,7.3,4,8.2,,1923.83
2021-01-26,10.2,,82.8,5.9,8.1,3.1,10.3,,2877.561
2021-01-27,6.7,,53,5.3,1.9,3,10,,2527.647
2021-01-28,5.7,,55.9,8.4,5.3,4.7,12.8,,2662.193
2021-01-29,1.4,,55.3,6.1,5.6,3.4,10.6,,3392.645
2021-01-30,5.9,,54.8,4.9,2.6,2.7,7.2,,635.999
2021-01-31,10.6,,60,5.7,7.3,3.4,9.2,,1668.149
2021-02-01,11.4,,77.6,7.1,9.6,2.8,10.6,,1709.844
2021-02-02,3,,50.8,5.7,4.9,3,9.7,,4092.208
2021-02-03,4.1,,48.5,4.2,3.4,2.1,8.9,,1181.715
2021-02-04,6,,51.3,6.6,2.4,3.3,9.5,,2255.519
2021-02-05,7,,59.8,5.1,8.3,1.9,7.1,,449.234
2021-02-06,9,,69.1,3.6,2.6,1.7,5.3,,588.563
2021-02-07,10.2,,54.8,5,1.8,2.5,8.7,,1653.835
2021-02-08,3.4,,50.8,6.6,5.8,3.7,12.1,,4268.078
2021-02-09,3.8,,53.8,4.7,2.8,2.9,8.2,,2058.979
2021-02-10,7.5,,56.4,4.3,6.5,2.3,6.3,,637.475
2021-02-11,9.5,,60.5,3.5,9.1,1.9,5.5,,266.18
2021-02-12,11.1,,54.9,4.1,7.3,1.6,6.2,,360.584
2021-02-13,12.6,,57,3.3,5.4,1.8,5.1,,228.035
2021-02-14,13.8,,78.1,3.4,8.8,1.8,6,,355.703
2021-02-15,7.1,,63.3,6.9,7.3,4.3,11.7,,4035.655
2021-02-16,5.5,,47.4,6.6,6.1,3.4,10.7,,3044.232
2021-02-17,0.5,,51.9,7.8,8.5,4.8,11.8,,4559.798
2021-02-18,1.1,,60.8,6.5,8.5,4.6,11.3,,4312.913
2021-02-19,7.5,,55.1,5,0.6,3.2,7.8,,1952.325
2021-02-20,14.1,,53.4,5.9,0.1,3.7,8.1,,2569.556
2021-02-21,15.9,,55,6.2,0.3,4.2,8.8,,1968.462
2021-02-22,14.2,,58.8,7.3,1.8,4.2,10.9,,2420.468
2021-02-23,7.4,,42.5,5.8,6.3,3.8,9.4,,3129.33
2021-02-24,9.7,,58.4,4.6,2.9,2.6,7.5,,1104.77
2021-02-25,12.1,,67,5.6,8.6,3.8,9.4,,1958.755
2021-02-26,11.6,,66.9,7.1,9.4,5.6,11.7,,4742.375
2021-02-27,11.5,,59.4,6.8,9.3,5.6,13.1,,4198.963
2021-02-28,13.9,,73,5.8,5.6,3.4,8.8,,1558.541
2021-03-01,14.2,,84.9,7.3,9.3,4,11.9,,3643.869
2021-03-02,6.5,,64.8,6.3,4.9,3.9,11.2,,3651.875
2021-03-03,9.1,,56,4.6,7.9,2.5,6.8,,460.225
2021-03-04,11.8,,79.3,5.6,9.3,3,9,,1481.224
2021-03-05,12.8,,67.4,4.9,6.8,2.1,7.8,,1025.551
2021-03-06,11.9,,59.6,5.6,8.1,3.5,10.1,,2194.395
2021-03-07,9.6,,64.4,5.2,8.8,3.5,9.3,,1754.687
2021-03-08,10.2,,60.9,4.3,7.3,2.1,6.9,,587.372
2021-03-09,10.1,,54,5.8,7,2.3,9.1,,1073.828
2021-03-10,12,,53.3,6.2,2.4,3.8,10.5,,2107.948
2021-03-11,14.2,,70.8,5.8,9.1,2.7,8.1,,684.176
2021-03-12,11.4,,81.1,6.1,8.8,3.2,9.7,,2751.495
2021-03-13,11.4,,61.4,4.3,5.1,2.3,6.5,,726.15
2021-03-14,11.1,,46.8,4.2,0,2.6,7.8,,624.191
2021-03-15,13.6,,59,5.1,7.6,2.5,7.5,,1209.097
2021-03-16,13.7,,51.5,5.9,4.5,3.7,8.8,,2540.149
2021-03-17,11.6,,50.8,6.4,3.6,3.4,9.4,,1286.418
2021-03-18,13.9,,59.3,4.5,7.8,2.9,7.5,,798.762
2021-03-19,14.1,,64.9,4.5,9.5,3.4,8.7,,1413.769
2021-03-20,13.3,,77.5,5.8,,2.9,10.5,,2023.531
2021-03-21,8.5,,46.6,8.2,7.4,5.5,14.2,,4109.956
2021-03-22,7.8,,38.1,6.7,3,3.6,10.2,,2954.694
2021-03-23,11.2,,38.9,5,0.3,2.2,6.8,,1022.561
2021-03-24,13.6,,55.5,4.2,7.6,2.4,6.3,,858.158
2021-03-25,14.1,,48,4,1.3,2.1,6.8,,406.471
2021-03-26,15.1,,44.3,4.1,1.4,2,5.4,,645.091
2021-03-27,16.4,,78.3,6.6,9.1,3.5,10.4,,3069.385
2021-03-28,14.7,,64.9,6.4,3.4,3.2,9.7,,1597.595
2021-03-29,13.9,,51.6,3.4,3.3,1.6,5.5,,684.716
2021-03-30,13.6,,30,4.3,4.1,2.5,12.4,,621.326
2021-03-31,15.1,,51.4,4.1,8.6,2.2,6.1,,375.533
2021-04-01,15.5,,61.9,5.3,9.8,3.9,9.2,,2335.783
2021-04-02,16.4,,72.6,4.9,8.9,3.5,8.7,,2562.552
2021-04-03,16.8,,81.6,5.3,9.1,2.8,7.7,,1979.72
2021-04-04,12.1,,75.1,8.7,9.3,4.4,12.5,,3379.798
2021-04-05,11.9,,52,5.1,4.7,2.8,8.9,,980.913
2021-04-06,14.1,,36,5.8,3.9,2.8,9.7,,1386.96
2021-04-07,15.6,,21.5,5.5,5,3,9.6,,1749.255
2021-04-08,14.5,,18.9,6.6,4.6,3.8,9.8,,2069.755
2021-04-09,13.8,,44.4,5.4,4.1,3.5,8.5,,1944.881
2021-04-10,14.3,,43.9,5.1,1.5,3.8,8.5,,1372.817
2021-04-11,16.2,,40.6,4.9,4.5,3.4,6.8,,743.989
2021-04-12,16.1,,76.1,7.4,9.8,4.8,11.3,,3399.314
2021-04-13,12.1,,72,8.9,8.4,5,13.4,,4078.016
2021-04-14,10.3,,52.8,5.5,6.5,3.8,9.8,,3134.089
2021-04-15,12.8,,55.1,4.4,4.3,2.2,7.1,,667.183
2021-04-16,15.5,,68.6,3.1,5.9,1.5,4.2,,116.874
2021-04-17,13.6,,56.1,7.9,2.3,3.8,12.1,,2210.016
2021-04-18,12.4,,43.9,7.2,2.1,4.3,11.4,,3311.731
2021-04-19,14.5,,26.8,5.8,0,3.3,8.6,,1523.792
2021-04-20,15.3,,35.5,3.9,1.4,1.7,5.3,,225.987
2021-04-21,16.1,,67,3.2,6.9,1.6,4.4,,252.744
2021-04-22,18.5,,83,4.4,9.3,1.9,5.8,,973.765
2021-04-23,18.2,,77.1,5.3,7.4,3.1,8.7,,1563.631
2021-04-24,16.9,,85.3,4,7.4,2.5,6.8,,693.319
2021-04-25,16.7,,64.8,5.4,4.1,2.6,8.7,,902.168
2021-04-26,16.1,,55.4,5.1,2.9,3.5,8.5,,1092.901
2021-04-27,16.1,,73.3,3.6,8.8,1.8,4.9,,286.356
2021-04-28,17,,73.1,3.8,9,1.7,5.2,,98.921
2021-04-29,17.5,,67.4,6.3,5.1,2.8,9,,1262.032
2021-04-30,16.8,,55.6,6.5,4.5,3.3,10.8,,1557.612
2021-05-01,12.8,,68.6,8.1,5.1,4,12.1,,1924.413
2021-05-02,12.9,,59.5,6.1,1.5,3.4,10.3,,1544.761
2021-05-03,15.3,,65.8,4.9,4.3,3,7.4,,1056.274
2021-05-04,18.3,,86.5,8.1,9.9,4.1,11.8,,3368.056
2021-05-05,16.9,,44.3,7.5,4,3.9,11.9,,2182.63
2021-05-06,16.8,,48,3.9,5,2.2,5.3,,619.617
2021-05-07,19.1,,61.9,5.7,5.4,3.3,8.8,,1772.291
2021-05-08,17.4,,63.1,5.9,6.4,3,8.8,,755.284
2021-05-09,18.4,,44.5,3.9,1.5,2,6.9,,506.409
2021-05-10,19.4,,75.6,3.8,4.6,2.4,6,,799.714
2021-05-11,18.3,,90.1,4.9,9.5,3.3,7.8,,1613.006
2021-05-12,17.6,,88.9,5.5,9.3,4,9.5,,2545.644
2021-05-13,19.5,,81.3,4.8,5.4,2.7,7.4,,695.618
2021-05-14,19.7,,93.5,3,9.8,2,4.7,,434.558
2021-05-15,22.5,,88.6,6.5,9,3.6,9.8,,1944.383
2021-05-16,21,,96.3,5.7,10,3.8,8.5,,2269.053
2021-05-17,18.3,,84,6.1,7.6,2.1,9.2,,1347.989
2021-05-18,17.6,,72.3,4.7,7.5,1.9,6.8,,514.506
2021-05-19,19.3,,81.9,3.7,7.5,1.7,6,,208.629
2021-05-20,18.2,,94,5.9,9.8,2.5,8.9,,1071.884
2021-05-21,18.2,,63.6,6.5,6.4,3.4,10.4,,1711.044
2021-05-22,18.9,,71.3,4.8,3.5,2.2,6.6,,504.617
2021-05-23,19.4,,71.3,4.5,4.9,2.2,6.3,,222.551
2021-05-24,19.9,,65.4,5.4,6.1,2.6,8.3,,1044.92
2021-05-25,19.8,,65.4,7.2,7,3.1,11.1,,1299.602
2021-05-26,17.8,,77.1,5.7,10,2.5,8.3,,1007.93
2021-05-27,19.1,,79.6,5.2,6.4,2.1,7.7,,575.895
2021-05-28,19.5,,76.5,8.1,3,3.7,11.8,,2446.123
2021-05-29,19.2,,61.9,5,1.9,2.8,7.6,,831.659
2021-05-30,18.8,,71,3.9,0.9,2.2,5.2,,517.149
2021-05-31,19.5,,85.3,3.7,3,1.6,5.2,,323.642
2021-06-01,20.8,,87.4,3.7,4.6,1.5,5.2,,536.006
2021-06-02,21.7,,86.5,3.9,9.5,1.9,5.6,,1735.512
2021-06-03,21,,96.9,6.2,8.9,3.1,10.6,,2021.908
2021-06-04,19.9,,78.4,6.5,9.1,3,10.4,,1390.542
2021-06-05,20.9,,87.1,5.7,6.9,3.5,8.1,,506.766
2021-06-06,20.5,,83.8,5.5,4.4,3.7,7.2,,905.343
2021-06-07,21.4,,92.4,4.4,2,2.6,5.9,,302.691
2021-06-08,22.2,,97.4,3.4,6.6,1.8,4.9,,693.332
2021-06-09,22.5,,97.1,3.9,5.8,1.4,6.2,,596.942
2021-06-10,22.4,,98.3,5.6,8.3,2.6,8.4,,3011.023
2021-06-11,21.6,,100,6.1,7.9,2.3,10,,822.869
2021-06-12,22.9,,95.5,4.7,5.5,1.6,7,,254.111
2021-06-13,21.4,,95.5,3.3,5.8,1.7,4.8,,89.565
2021-06-14,21.7,,93.4,2.9,7.3,1.5,4.9,,192.972
2021-06-15,22.1,,99.9,5.9,9.3,2.7,8.8,,1173.716
2021-06-16,21.1,,95.5,5.3,5.4,4.1,10.5,,2800.021
2021-06-17,21.2,,95.6,4.7,8.7,2.9,8.4,,835.138
2021-06-18,21.8,,97.8,3.1,8.6,1.3,5.1,,59.257
2021-06-19,22.9,,79.6,4.7,4.4,1.9,6.4,,563.227
2021-06-20,22.8,,65,4.4,3.8,1.6,6,,298.929
2021-06-21,23.5,,67.1,3.2,3.6,1.4,5.4,,203.81
2021-06-22,22.8,,86.6,3.8,5,2.2,6.6,,229.584
2021-06-23,22.4,,89.5,3.5,5.1,1.8,4.9,,126.176
2021-06-24,22.8,,88.8,3.9,5.6,1.9,5.2,,304.077
2021-06-25,23.4,,86.6,3.3,8.1,1.9,4.7,,294.145
2021-06-26,23.8,,89.9,3.4,9.4,1.8,5.1,,325.821
2021-06-27,24.6,,89.1,4,7.1,2.8,6.2,,345.143
2021-06-28,24.1,,90,4.4,5,2.7,6.7,,643.124
2021-06-29,23.9,,88.1,4,5,2,5.8,,191.686
2021-06-30,23.7,,90.4,4.3,6.1,2.2,5.5,,188.486
2021-07-01,24.2,,92.6,4.1,5.5,2,7,,193.72
2021-07-02,23.9,,96.6,4.2,8.3,2.4,6.6,,357.567
2021-07-03,25.2,,99.5,7.7,10,4.3,11,,2755.655
2021-07-04,23.7,,100,6.7,9.9,2.3,10.4,,1027.046
2021-07-05,25.7,,100,5.5,9.3,3.9,8.4,,2480.888
2021-07-06,26.5,,97.5,7.5,8.3,4.6,11.5,,2995.966
2021-07-07,26.3,,99.9,5.4,9,4,8.2,,2455.968
2021-07-08,25.9,,97.9,4.9,9.1,2.7,7.9,,473.123
2021-07-09,25.8,,93.3,4.7,7.3,1.9,6.9,,364.361
2021-07-10,26.4,,90.8,5.3,6.6,2.5,8.8,,552.998
2021-07-11,27.3,,95,5.3,5.9,3.3,7.9,,719.031
2021-07-12,27.4,,94.6,5.3,6.3,3.8,7.9,,1536.86
2021-07-13,27.3,,97.3,4.4,6.5,3.5,6.9,,2117.414
2021-07-14,27.1,,97.4,4.5,8.3,3,6.6,,1370.9
2021-07-15,27.4,,94,3.5,5.6,1.9,4.5,,658.244
2021-07-16,27.7,,89.6,3.6,7.3,1.9,5,,222.829
2021-07-17,26.6,,88.4,5.7,8.1,2.7,13,,456.897
2021-07-18,25.7,,95.4,5.3,8.4,3,8.1,,1185.897
2021-07-19,27.8,,91.5,4.2,6.9,2.4,7.2,,857.381
2021-07-20,27.2,,95.1,3.9,7.1,2.3,6.4,,321.405
2021-07-21,27.4,,94.8,4.9,3.5,3,8.2,,915.044
2021-07-22,27.8,,90.5,4.8,5.1,3,7.4,,901.851
2021-07-23,27.7,,88.9,4.1,8.9,2.9,6.9,,691.393
2021-07-24,27.9,,89.3,4.8,8.9,3.2,7.1,,1081.191
2021-07-25,27.6,,85.5,6,10,4.5,8.5,,2440.464
2021-07-26,27.4,,87.3,5.7,9,4.2,8.4,,2488.233
2021-07-27,27.7,,87.9,3.6,2.9,2.5,4.8,,756.207
2021-07-28,27.6,,87.9,3.7,2.4,2.4,5.1,,357.326
2021-07-29,26.9,,89.4,3.4,4.5,1.9,4.8,,384.639
2021-07-30,26.9,,95,5.1,6,2.9,6.9,,779.171
2021-07-31,27.8,,97.1,4.6,7.1,2.1,6.5,,148.302
2021-08-01,28.4,,91.5,5.1,6.3,2.6,6.9,,691.261
2021-08-02,28,,95,3.7,6.5,2.1,6.6,,488.442
2021-08-03,28.1,,90.5,4.4,5.5,2.7,6.3,,1188.743
2021-08-04,28.7,,89,4.3,4.1,2.6,6.3,,734.782
2021-08-05,28.2,,89.5,3.6,2.6,1.7,6,,293.203
2021-08-06,28.3,,88.3,3.8,1.5,2.1,6.3,,375.851
2021-08-07,28.8,,86.5,3.7,3.5,1.9,5.9,,253.716
2021-08-08,26.4,,94.1,5.9,7.6,2,8.5,,881.13
2021-08-09,27.8,,83.6,5.3,5.1,2.7,8.9,,1334.368
2021-08-10,27.4,,84.6,4.6,7.6,2.1,6,,162.477
2021-08-11,25.4,,98.6,5.7,9.4,2.4,8,,449.317
2021-08-12,25.1,,97.8,3.7,9,1.2,5.3,,141.245
2021-08-13,24.1,,96,4.8,9.5,2.5,8.1,,793.739
2021-08-14,23,,99.6,5.6,9.7,3.1,9.3,,2165.25
2021-08-15,24.7,,90.3,5.8,9.8,2.5,8.5,,613.363
2021-08-16,25.1,,92.1,5.3,10,3.6,7.9,,1552.214
2021-08-17,25.3,,85.9,4.2,7.3,2.6,8.2,,834.889
2021-08-18,24.7,,87.6,3.8,3.4,2,5.9,,109.616
2021-08-19,24.9,,87.6,3.3,4.5,1.7,4.5,,164.266
2021-08-20,26.5,,91.3,4.2,6.7,2.6,6,,1136.794
2021-08-21,25.3,,99.5,8.4,9.5,4.3,13.9,,2652.569
2021-08-22,25,,100,3.9,9.4,1.6,6.1,,322.088
2021-08-23,26.7,,98.5,7.3,9,3.7,11.2,,2318.896
2021-08-24,27.1,,98.4,6.6,,4.5,9.9,,2898.865
2021-08-25,26.8,,99.5,5.2,7.1,3.9,8.6,,2184.786
2021-08-26,26.2,,90.5,4.4,6.4,1.7,6,,217.337
2021-08-27,27.8,,83.8,6,3.4,3.9,9.6,,1529.507
2021-08-28,27.5,,82.9,5.9,4.6,3.1,8.4,,817.899
2021-08-29,27.4,,81.3,5.2,3.3,3,7.8,,437.459
2021-08-30,27.3,,78.5,4.7,5.9,1.8,6.5,,67.437
2021-08-31,26.6,,79.1,4.5,4.3,2,6.4,,271.462
2021-09-01,27.5,,78.3,5.6,8.4,3.6,8.3,,1201.924
2021-09-02,24.4,,79.4,3.2,6.9,1.7,5.8,,371.043
2021-09-03,23.9,,83.4,4.5,7,2.4,8.4,,849.003
2021-09-04,25.6,,67.4,4.3,7.4,3.1,7.1,,801.129
2021-09-05,25.1,,65.9,5.1,9.8,3.5,7.6,,987.293
2021-09-06,25.6,,70.1,4.8,8.9,3.9,7.5,,1136.87
2021-09-07,25.9,,80.4,4.8,7.3,2.6,7.3,,1038.112
2021-09-08,23.7,,71.6,4.6,4,2.8,7.7,,1610.646
2021-09-09,24.2,,74.1,3.3,5.4,1.8,4.8,,108.564
2021-09-10,23.2,,89.5,4.1,9.8,1.3,5.9,,378.907
2021-09-11,24.6,,84,3.5,6.5,1.6,5.4,,103.012
2021-09-12,25.7,,80.6,4.4,9.3,2.4,7.3,,436.066
2021-09-13,24.6,,86.1,7.1,10,5,10.5,,2706.773
2021-09-14,25.2,,91.4,9,9.9,5.8,22.7,,3972.599
2021-09-15,24.3,,78.4,6.7,8.3,5.6,11.7,,4691.206
2021-09-16,24.1,,87.4,6.6,9.3,5.2,10.7,,4356.88
2021-09-17,24.1,,85.8,8.5,7.8,5.3,13.3,,3072.704
2021-09-18,23.5,,77.1,3.8,5.8,2.1,6,,316.878
2021-09-19,24.4,,68.9,4.2,4.9,2.8,6.7,,610.371
2021-09-20,26.1,,70.6,4.8,4.8,3.2,7.2,,1006.172
2021-09-21,23.5,,84.6,5.9,5.9,2.5,9,,1104.544
2021-09-22,24.5,,76.8,4.3,1.1,2.9,6.3,,359.774
2021-09-23,22.9,,66.4,3.9,3,2.1,7,,716.005
2021-09-24,23,,68.3,4.2,4.1,2.8,7.8,,810.697
2021-09-25,24.6,,68.9,4.5,6.2,3.4,7.9,,1317.516
2021-09-26,24.3,,69.5,4.8,6.6,3.5,8.3,,1414.221
2021-09-27,23.8,,74.4,4.4,7.3,3.1,7.8,,611.456
2021-09-28,24.6,,80.1,4,7.5,2.3,7.1,,347.45
2021-09-29,25.7,,82.8,4.6,6.1,2.3,6.4,,556.107
2021-09-30,23.1,,84.3,4.3,4.8,2.4,8,,1207.045
2021-10-01,22.7,,76,3.8,0.9,2.1,6.7,,674.586
2021-10-02,22.9,,69.6,4,0.1,2.1,6.2,,422.338
2021-10-03,24.5,,73.9,4.9,0,2.5,7.5,,1129.191
2021-10-04,26.2,,66.3,5.7,4.1,3.9,9.2,,2461.116
2021-10-05,24.5,,74.8,3,2.5,1.4,4,,298.335
2021-10-06,24.4,,73.8,3.8,2.9,2,5.9,,221.596
2021-10-07,24,,64,2.6,3,1.6,4.1,,87.578
2021-10-08,25.3,,67.4,3.6,5.1,2.2,5,,334.649
2021-10-09,25.1,,79.9,4.3,6.8,2.4,6.9,,434.677
2021-10-10,25.1,,82.8,4.5,6.1,2,6.3,,585.089
2021-10-11,22.5,,82.6,3.7,7.4,2.2,6.9,,1124.007
2021-10-12,23.6,,80.5,5.4,8.1,4,9.5,,2307.028
2021-10-13,23.4,,80.6,4.7,5.9,3.5,8.3,,1444.315
2021-10-14,23.8,,74.9,3.6,4.3,2.3,5.6,,349.206
2021-10-15,22.5,,70,3.2,5.6,1.7,5.6,,415.534
2021-10-16,16,,70.6,4.4,9.8,2.9,9.8,,4620.256
2021-10-17,11.5,,49,5.1,2.4,3.3,10.2,,2623.985
2021-10-18,13.1,,58,4.4,4.6,2.5,6.2,,431.371
2021-10-19,15.3,,57.6,4.9,6,2.8,8.5,,2335.659
2021-10-20,12.7,,61.3,3.5,9.1,2.1,6.7,,2023.331
2021-10-21,14.1,,59.6,5.4,6.8,2.9,9.6,,2796.78
2021-10-22,14.6,,55.3,4.6,3.4,2.5,8.7,,3711.232
2021-10-23,15,,59.4,4.6,2.1,2.2,7.3,,988.643
2021-10-24,17.4,,60.4,3.5,8.4,1.8,6.3,,412.723
2021-10-25,16,,64.1,4.1,2,2.3,8,,992.82
2021-10-26,15.7,,62.8,4,2.4,2.7,6.6,,583.804
2021-10-27,16.2,,65.1,4.9,1,2.9,8.3,,1987.136
2021-10-28,16.4,,58.5,4.6,1.9,2.5,8.7,,1872.536
2021-10-29,19,,59.4,4.6,4.3,3.1,8.3,,1579.844
2021-10-30,17.5,,67.9,3.8,6.3,2.3,6.7,,530.571
2021-10-31,16.4,,67.9,3.6,1.1,2.2,6.3,,487.656
2021-11-01,16.3,,72.9,4.7,3.8,2.4,8.4,,1399.696
2021-11-02,14.1,,63.1,6.2,4.8,2.7,8.8,,2346.402
2021-11-03,14,,63.9,5.3,3,3.2,9.2,,1864.579
2021-11-04,15.4,,65,4,3,2.3,7.2,,707.571
2021-11-05,17.8,,60.9,4.6,7.3,2.8,6.7,,372.728
2021-11-06,19.6,,58.9,5.8,7.4,4.3,9.7,,2258.609
2021-11-07,19.7,,63.4,5.6,5,4.1,8.7,,1847.09
2021-11-08,14,,66.4,8.9,9.6,5.3,14.3,,4298.175
2021-11-09,10.7,,61.8,6.7,9,3.6,10.4,,3465.59
2021-11-10,9.7,,74.5,6.9,8,3.4,12.3,,3414.007
2021-11-11,11.3,,73.1,5.4,6,2.5,8.7,,2663.398
2021-11-12,10.4,,69,6.3,7.4,2.6,12.1,,2460.999
2021-11-13,11.7,,64.6,3.5,6.5,1.7,6,,550.89
2021-11-14,13.3,,59.3,5.1,0.4,2.3,8.4,,1073.709
2021-11-15,12.4,,64.5,3.7,0,2.4,6.3,,370.97
2021-11-16,12.8,,61.8,4.9,6,2.5,7.2,,1005.714
2021-11-17,12.6,,57,4.6,3.9,2.7,7.5,,1002.561
2021-11-18,12.2,,63.6,3.3,2,1.7,5.3,,258.285
2021-11-19,12.7,,59.8,4,0,2.5,6.3,,468.097
2021-11-20,14.3,,71.3,3.7,1.6,2.1,5.9,,485.144
2021-11-21,15.8,,78.5,3.8,8.9,1.6,5.3,,173.041
2021-11-22,9.9,,59,7,8,4.2,12.7,,3743.393
2021-11-23,8.6,,55.6,6.3,9,3.5,10.4,,2986.832
2021-11-24,9.5,,56.6,5.6,4.1,2.5,8.1,,1440.385
2021-11-25,11.6,,59,6.1,0.5,2.4,8.9,,1195.405
2021-11-26,10.3,,59.6,4.1,0.3,2.6,8.8,,1617.332
2021-11-27,8.6,,58.4,4,0.6,2.3,8.5,,1001.113
2021-11-28,12.6,,60.8,3.5,4.4,1.8,5.7,,270.944
2021-11-29,12.7,,69.9,2.7,2.9,1.5,4.1,,326.578
2021-11-30,12.6,,76.8,8,8.9,4.5,12.9,,3486.815
2021-12-01,6.8,,57.8,6.6,8.1,3.9,12.2,,4371.481
2021-12-02,7.3,,65.9,5.1,8.3,2,7.9,,1236.652
2021-12-03,9.8,,50.8,6.2,7.1,3.1,9.5,,2952.553
2021-12-04,8.3,,64.4,4.7,4.3,1.8,8,,1836.75
2021-12-05,8.1,,65.9,3.1,5.4,2.1,6.1,,764.453
2021-12-06,10.7,,74.6,4.2,2.6,2.3,6.2,,396.411
2021-12-07,10.7,,58.6,6.4,0.3,3.1,9.5,,2938.967
2021-12-08,11.4,,62.4,4,4.6,2.3,6.9,,782.271
2021-12-09,13.8,,66.1,4.3,7.9,2.7,6.7,,716.147
2021-12-10,12.2,,72.1,5,3.5,2.4,8.1,,1046.033
2021-12-11,11.2,,68.9,5.4,7.8,3,8.1,,1472.203
2021-12-12,9.5,,61.4,6.1,8.1,3.4,10.8,,4048.235
2021-12-13,5.7,,55.9,6.6,6,3.6,11.1,,3782.323
2021-12-14,6.7,,63.1,3.8,4.9,1.9,7.5,,606.986
2021-12-15,10.3,,76.3,4.2,5.6,2,6.7,,289.631
2021-12-16,10,,83,3.6,9.7,2,6.4,,1755.961
2021-12-17,4.5,,67.6,8.4,9.4,4,13.1,,4610
2021-12-18,2.8,,65.3,3.7,8.6,2.2,8.9,,2008.928
2021-12-19,6.2,,57.9,6,5.3,3.3,10,,2596.199
2021-12-20,9.4,,54.6,5.3,4,2.8,8.4,,1165.017
2021-12-21,11.3,,60.4,4.5,4.6,2,7,,1284.879
2021-12-22,10.1,,53.8,5.1,0.3,2.8,9.3,,1090.379
2021-12-23,8.8,,63.1,4.3,0.3,2.1,6.4,,275.612
2021-12-24,9,,69.5,6.6,7.4,3.1,13,,2442.65
2021-12-25,1.5,,61,7.2,9.8,4.5,17.9,,5106.075
2021-12-26,-0.4,,74.6,6.6,9.4,3.7,12.7,,3438.409
2021-12-27,2.3,,74.1,4.3,9,1.9,11.9,,2130.189
2021-12-28,6.2,,64,4.8,8.6,2.2,7.8,,458.68
2021-12-29,8.6,,59.1,8.3,7.3,3.8,12,,2293.476
2021-12-30,6.3,,50.6,11.8,7.3,4.9,16.9,,4636.98
2021-12-31,3.9,,57.3,7.7,8.6,3.6,13.5,,4253.849
2022-01-01,3.9,,54.6,8.4,4.9,3,12.4,,1268.836
2022-01-02,6.3,,66,5.2,4.4,2.3,8.4,,1511.45
2022-01-03,5.8,,64.4,5,3.4,2.6,9.9,,1480.302
2022-01-04,5.8,,61.5,5.2,6,2.7,10.5,,2191.302
2022-01-05,5.5,,81.5,4.9,9.8,2.3,11,,1420.061
2022-01-06,6,,65.5,5.5,3.1,2.9,12.8,,3700.374
2022-01-07,5.9,,62.5,4.8,2.3,2.5,10.2,,1174.582
2022-01-08,6,,67.3,7.2,5,3.2,11.7,,2306.383
2022-01-09,6.3,,69.6,5,6.4,2.5,9.5,,1438.887
2022-01-10,6.9,,69.4,6.1,5.5,2.8,9.7,,1400.592
2022-01-11,2.6,,70.6,6.4,8.1,3.3,16.9,,4703.427
2022-01-12,2.8,,63.9,6.4,9.3,3.2,11.7,,3293.567
2022-01-13,2.8,,67.3,7.7,8.9,3.4,16.4,,3553.638
2022-01-14,3.6,,60.3,6.6,7.1,3.1,12.1,,2519.388
2022-01-15,6,,66.8,4.4,7.3,2,8.1,,375.695
2022-01-16,6.3,,63.9,8.2,8.3,3.2,15,,2997.304
2022-01-17,4.7,,61.9,8,8.6,2.8,11.8,,3459.179
2022-01-18,2.9,,55.4,6.4,3,3.1,12,,2843.2
2022-01-19,4.4,,54.6,5.2,3.3,2.4,11.1,,1666.434
2022-01-20,2,,60,5.8,5,3.4,12.3,,3049.425
2022-01-21,7,,63.5,5,6.9,3.3,9.3,,313.976
2022-01-22,10.7,,67.8,6.1,8.6,4.1,9.1,,928.711
2022-01-23,10.3,,79.1,5,9.4,3.5,9,,1472.843
2022-01-24,10.4,,69.3,7,8.6,4.2,12.5,,1667.64
2022-01-25,8.8,,75.9,4,9.3,1.9,8.3,,574.668
2022-01-26,6.7,,65,6.7,7,3,11.7,,2825.71
2022-01-27,5.4,,64.3,6.2,7.5,3.2,11.5,,3263.311
2022-01-28,4.4,,62.8,6.5,7.6,4,14.2,,3960.409
2022-01-29,3.8,,57.4,6.4,8.6,3.4,13.1,,3777.533
2022-01-30,3.9,,51.4,7.9,5.6,3.5,12.7,,3733.66
2022-01-31,3.9,,58.6,6.3,2.5,2.8,12.5,,2147.729
2022-02-01,5.2,,57.8,8.8,7.6,3.2,15.5,,2966.458
2022-02-02,4.1,,59.5,6,8.3,3,11.6,,2731.477
2022-02-03,3.9,,53.3,7.6,6.9,3.1,13.4,,3195.839
2022-02-04,3.6,,54.4,6.3,6.1,3.2,13.5,,3463.025
2022-02-05,1.2,,76.4,6.7,9.6,3.1,15.2,,3652.455
2022-02-06,3,,60,7.7,8,3,11.7,,2711.534
2022-02-07,3.3,,61.1,5.8,9.4,2.5,10.5,,1743.784
2022-02-08,4.4,,56.8,6.9,5.3,2.7,12.2,,2543.484
2022-02-09,5.9,,74.8,5.5,5.9,3,8.2,,438.324
2022-02-10,5.4,,65.3,7.9,4.4,3,13.9,,3219.688
2022-02-11,6.7,,50.5,5.1,4,2.8,8.7,,950.062
2022-02-12,9.7,,55,4.4,8.3,2.4,7.6,,489.421
2022-02-13,10.3,,64.4,6.1,9.9,3,10.4,,1098.112
2022-02-14,9.2,,66.1,7.7,7.3,2.8,12.9,,1250.587
2022-02-15,3.4,,60,9.1,7.4,4.2,15.2,,3676.267
2022-02-16,1.2,,63.9,8.3,8.3,3.7,16.3,,3492.359
2022-02-17,0.1,,59.8,5.8,8.9,3.3,12.7,,3589.773
2022-02-18,6.7,,65.3,5.5,9.1,3.1,9.4,,617.861
2022-02-19,4.8,,77.4,6.2,9.1,2.9,13.6,,3127.724
2022-02-20,0.8,,63.1,7.5,8.5,3.6,16.4,,4798.634
2022-02-21,2.9,,59.1,6.6,6.9,2.5,10.2,,2108.871
2022-02-22,3.2,,57,4.9,8.4,2.3,11.7,,2167.254
2022-02-23,1.2,,57.5,7.2,5.9,3.4,14.6,,4069.957
2022-02-24,2.7,,55.1,7.7,3.3,3.6,14,,3631.047
2022-02-25,4.9,,53.4,5,0.6,2.8,9.2,,1057.725
2022-02-26,8,,55.4,7.9,1.6,3.4,12.6,,1255.399
2022-02-27,7.2,,41.5,6.1,0,2.8,12.5,,2274.642
2022-02-28,9.1,,62.5,4.9,7,2.3,6.9,,834.436
2022-03-01,11.1,,74.4,9.7,8.8,5,15.6,,2832.424
2022-03-02,5.5,,56.3,9.3,3,5,15.6,,3656.997
2022-03-03,8.8,,54.3,4.9,1.1,2.3,7.5,,559.462
2022-03-04,11.1,,61,9.1,5.5,4,12.4,,1539.401
2022-03-05,8.3,,49.1,9.1,4,3.7,16.4,,3339.649
2022-03-06,5.3,,49.3,6.5,5.1,3.5,12.3,,3195.138
2022-03-07,7.2,,54.4,5.1,5.1,2.6,8.5,,1096.846
2022-03-08,8.5,,53.1,5.5,0.1,2.1,8.5,,452.3
2022-03-09,10.8,,62,5.8,0.3,2.3,10.7,,666.166
2022-03-10,12.2,,69.5,5.8,5.1,2.5,9.4,,682.655
2022-03-11,16,,71.1,6.9,5.5,3.4,10.4,,1368.948
2022-03-12,16.8,,76.8,7.6,2.9,3.7,11.5,,1312.95
2022-03-13,16.1,,88.4,7.9,8.4,4.2,13,,2442.132
2022-03-14,14.3,,87.8,8.2,8.5,2.3,14.5,,1305.917
2022-03-15,11.7,,63.8,8.3,1,2.7,12.9,,1203.489
2022-03-16,13.4,,78,5,2.4,1.9,7.6,,94.557
2022-03-17,13.1,,78.1,7.5,9.3,3.8,14.5,,1927.305
2022-03-18,10.6,,88.5,10.7,9.4,4.8,17.9,,2612.594
2022-03-19,7.2,,76.6,10.9,9.6,3.8,16,,2542.664
2022-03-20,7.7,,68.9,5.3,9.4,3,11,,1388.025
2022-03-21,8.9,,70.4,5.3,9.5,2.8,8.5,,1278.931
2022-03-22,8.8,,63.4,6.9,8.3,2.8,11.7,,1898.065
2022-03-23,8.7,,71.8,4.9,5.4,2.2,7.4,,500.833
2022-03-24,10.8,,60.6,4.4,0.3,2.5,9.1,,660.294
2022-03-25,16.3,,82.6,11.9,6.8,5.9,19.4,,3497.58
2022-03-26,12.6,,80.5,13.3,8.9,6.6,20.6,,3895.281
2022-03-27,12.6,,37.3,11.1,6.3,4.3,16.9,,2494.582
2022-03-28,10.7,,53.8,5.6,8.3,3.6,11.5,,1671.113
2022-03-29,12.3,,68.6,4.4,3.3,2.5,6.5,,507.247
2022-03-30,16.4,,89.6,3.8,6.8,1.7,6,,465.282
2022-03-31,11.8,,76.9,7.1,9.1,3.4,12.6,,3423.606
2022-04-01,11.1,,64.4,6.7,7.3,3.3,10.5,,1651.754
2022-04-02,9.9,,59.3,5.4,3,2.6,8.7,,898.796
2022-04-03,10.4,,51.4,5.2,0,3,8.8,,1243.307
2022-04-04,11.8,,51.1,5.2,0.3,2.5,7.5,,159.339
2022-04-05,11.7,,56.3,4.5,5.6,1.9,6.7,,147.899
2022-04-06,12.7,,70.8,5,0.3,2,6.7,,163.629
2022-04-07,14,,59,5.4,2.4,2.7,10.5,,1020.818
2022-04-08,14.4,,57.4,4.8,0.1,2.3,7.2,,376.642
2022-04-09,16.8,,58.1,7.8,0.1,4.3,11.3,,1049.853
2022-04-10,18.2,,65.3,6.7,6,3.2,9.9,,1112.241
2022-04-11,19.5,,89,3.9,6.8,2.2,6.5,,737.283
2022-04-12,18.9,,88.1,6.2,4.5,2.7,8.7,,262.516
2022-04-13,17.9,,88.1,6.9,7.6,3.4,11.8,,1153.931
2022-04-14,14.1,,86.5,8.1,8.9,5.4,13.5,,3193.755
2022-04-15,13.3,,69.3,6.2,8.1,3.9,14,,2285.192
2022-04-16,12.8,,61.5,4.9,5.1,2.9,10.5,,1108.735
2022-04-17,15,,26,5.9,2.1,3.2,9.7,,1433.43
2022-04-18,16,,37.1,4.6,8.3,2.3,7.3,,502.416
2022-04-19,17.1,,29.4,5,2.5,2.6,7.6,,846.857
2022-04-20,15.5,,49.1,4,2.6,1.8,5.5,,303.713
2022-04-21,13,,77.9,4.4,5.4,2.4,7.2,,440.29
2022-04-22,17.2,,75.6,7.3,4.3,4,11.2,,1059.519
2022-04-23,17.2,,92.8,3.5,10,1.6,7.2,,153.548
2022-04-24,17.6,,88.3,4.9,4.9,1.9,7.1,,161.578
2022-04-25,18.8,,89.8,9.8,7.6,2.9,14.1,,1943.038
2022-04-26,18.6,,94.1,9.7,9.3,4.6,15.5,,2436.677
2022-04-27,17.6,,67.6,8.6,6.8,3.3,12.9,,1932.72
2022-04-28,17,,80.8,5.4,5.9,3,8.8,,528.08
2022-04-29,13.5,,83.1,7.1,9.6,3.6,12.6,,2167.111
2022-04-30,14.8,,68.9,5.5,7.8,2.9,9.7,,590.119
2022-05-01,14,,46.3,6.8,6.6,3.9,12.7,,1876.599
2022-05-02,16.3,,45.4,7.4,2,4.1,12.1,,1374.381
2022-05-03,14.4,,61.4,4.4,0.4,2.5,7.2,,495.125
2022-05-04,16.2,,67,5.9,0.8,3.2,8.4,,273.028
2022-05-05,17.2,,83,4.3,2.3,1.8,5.7,,710.253
2022-05-06,19.3,,81.4,4.7,1.8,2,5.9,,372.276
2022-05-07,19.8,,67.8,6.6,2.1,2.7,9.5,,817.604
2022-05-08,17.6,,77.3,5.3,8.1,2.9,8.1,,739.827
2022-05-09,17.2,,70.6,6.3,5.9,3.6,10.2,,771.402
2022-05-10,17.7,,80.1,4.5,9.3,3,8.4,,673.261
2022-05-11,18,,95.1,3.6,7.9,2.1,5.6,,125.226
2022-05-12,18.5,,92.8,4.5,8.5,2.5,8.2,,426.953
2022-05-13,17.3,,89,7.1,9.6,2.4,11.2,,1110.614
2022-05-14,16.5,,51.4,6.2,5.3,3.6,10.9,,2694.455
2022-05-15,15.5,,45,6,8.8,3.5,11.2,,2290.063
2022-05-16,17,,48,5.7,7.3,2.7,10.2,,737.958
2022-05-17,17.7,,64.5,5.5,0,2.3,7.8,,192.737
2022-05-18,18.5,,62.4,4.6,1,1.8,7.5,,87.471
2022-05-19,18.4,,67.3,4.6,9.6,1.7,6.1,,254.67
2022-05-20,19.7,,78.6,4.6,8.3,2.1,6.3,,414.542
2022-05-21,20.6,,58.3,5.6,1.1,2.6,10.7,,1163.775
2022-05-22,21,,55.8,5.3,1.1,2.3,8.7,,1074.706
2022-05-23,20.4,,61.9,5.8,8.1,1.8,8.1,,534.832
2022-05-24,21.9,,52.1,4.3,4.1,2.1,6.6,,742.342
2022-05-25,21.1,,64.3,6.1,3.1,2.4,8.4,,129.784
2022-05-26,19.6,,58.5,5.3,7.9,2.5,9.5,,1116.716
2022-05-27,20.7,,49.5,8.5,1.1,2.9,13.6,,1146.761
2022-05-28,20.7,,64.1,7,8,3,9.9,,693.921
2022-05-29,19.7,,83.8,6.5,7.5,3.4,9.2,,1607.03
2022-05-30,20.2,,88,7,8.3,2.1,11.8,,669.709
2022-05-31,20.9,,46.9,5.6,5.9,2.3,9,,982.341
2022-06-01,19.3,,71.5,5.2,7,2.2,6.9,,208.096
2022-06-02,19.8,,81.5,5.8,3.3,2.1,8.7,,73.998
2022-06-03,20.2,,85.3,4.1,4.8,1.8,5.4,,75.709
2022-06-04,21.4,,86.1,4.7,8.8,2.9,6.7,,1177.771
2022-06-05,18.8,,94.9,9.7,9.8,5.3,15.1,,2828.499
2022-06-06,20.2,,77.5,7.7,3.6,3.9,13.6,,1467.76
2022-06-07,19.9,,86,7,6.6,4.1,9.2,,455.514
2022-06-08,20,,79.3,5.5,6.5,3.4,8.3,,505.22
2022-06-09,20.4,,79.9,4.6,6.3,2.5,7.1,,280.034
2022-06-10,20.5,,91.4,4.6,9,1.7,8.6,,557.012
2022-06-11,20.1,,86.4,6,6.5,3.2,10.2,,967.985
2022-06-12,21,,81.6,5.6,7.9,3.1,9.9,,645.487
2022-06-13,20.1,,88.1,7.3,10,4.4,10.8,,1318.712
2022-06-14,19.1,,96,6.3,8.9,3.7,11.7,,1582.767
2022-06-15,22,,87.1,6,4.8,2.8,8.8,,443.322
2022-06-16,21.7,,85.6,5.2,6.6,2.8,7.2,,334.067
2022-06-17,22,,89.8,5.1,5.8,3.1,7,,851.323
2022-06-18,23.1,,85.8,6.8,3,2.5,9.9,,519.458
2022-06-19,23.7,,91.1,2.9,6,1.5,5,,257.28
2022-06-20,23.1,,89,3.3,8.9,1.3,5.3,,89.079
2022-06-21,23.9,,86.9,5.1,3.9,2.7,8.8,,711.207
2022-06-22,23.7,,88.9,5.7,3.9,3.1,7.9,,520.603
2022-06-23,24.2,,93.9,9.1,7.8,5.3,15.1,,2534.887
2022-06-24,24.2,,92.8,9.2,7.5,4.5,14.5,,1555.695
2022-06-25,24.6,,89.9,7.3,8,4.4,12.6,,1998.733
2022-06-26,24.5,,95.8,7.9,7.6,4.1,12.9,,3062.42
2022-06-27,24.4,,95.8,8.4,9.8,4.3,13.4,,4246.837
2022-06-28,24.6,,93.6,10.7,8.3,5.8,16.7,,4081.776
2022-06-29,25.2,,93.6,9.7,6.9,5.2,15.1,,3940.325
2022-06-30,25.8,,92.6,6.3,2.8,3.4,8.8,,2421.847
2022-07-01,25.9,,91.5,5.6,2.1,2.2,7.8,,898.232
2022-07-02,26.2,,83,4.3,4,1.7,6.6,,150.972
2022-07-03,26.1,,90,6.8,6.4,1.9,9.4,,584.837
2022-07-04,26.5,,88.1,5.3,5.1,2.9,7.8,,535.076
2022-07-05,27.1,,86.1,5,6.9,2.3,7,,178.69
2022-07-06,27.7,,90.3,5.2,6.6,3.3,7.8,,1611.85
2022-07-07,27.7,,90.4,7.5,6.4,4.2,11.3,,2363.627
2022-07-08,27.4,,89.1,6.3,5.9,3.2,9.4,,491.802
2022-07-09,27.1,,75.9,5.7,2,2.3,9.8,,924.028
2022-07-10,27.2,,81.3,3.8,4.9,2,5.6,,376.203
2022-07-11,25.9,,89.5,4.8,8.9,2,8,,405.872
2022-07-12,27,,88.5,5.5,8.6,2.8,7.7,,387.729
2022-07-13,27.6,,87,6.4,8,4,10.1,,1080.067
2022-07-14,28,,85.8,7.4,6.9,3,10.7,,946.129
2022-07-15,25.9,,88.9,4.4,8.4,1.8,8.1,,298.102
2022-07-16,26.6,,74.1,8.2,6.8,3.2,11.1,,1174.386
2022-07-17,26.4,,77.5,5.2,9.8,2.2,10.2,,550.25
2022-07-18,27.5,,92.8,8,9.6,4.7,14.4,,2089.606
2022-07-19,26.8,,79.4,5.9,4.1,2.6,11.6,,939.078
2022-07-20,26.2,,83.1,4.7,7.6,2.4,6.4,,260.752
2022-07-21,27.3,,76.6,10.4,5.4,4.5,16.6,,2465.642
2022-07-22,26,,74.8,5.6,3.4,2.5,9.2,,689.321
2022-07-23,26.5,,84.1,5.7,6.4,2.7,7.8,,1240.518
2022-07-24,26.8,,83,5.7,6.1,2.6,10.6,,1144.563
2022-07-25,25.8,,79.3,4,4.1,2.3,6,,166.777
2022-07-26,25.8,,81.3,4.2,2.6,1.7,5.3,,156.748
2022-07-27,26.6,,83.5,4.5,5.3,2.6,6.6,,432.702
2022-07-28,28.4,,83.3,4.5,5.6,2.6,6.4,,543.02
2022-07-29,28,,87.9,5.5,4.9,3.2,9.7,,580.484
2022-07-30,27.2,,91.3,9.1,8.3,5,12.7,,2697.767
2022-07-31,26.9,,92.9,11.7,9.6,6.6,18.1,,3865.291
2022-08-01,27.3,,91.3,10.8,8.5,5.5,15.8,,2602.09
2022-08-02,28,,90.4,6.8,6.9,4,9.5,,1498.256
2022-08-03,28.6,,87.9,6.5,4.6,3.2,8.6,,624.891
2022-08-04,28.2,,86.6,4.6,3.3,1.9,7.7,,226.018
2022-08-05,28.9,,84.8,6.3,3.5,3.1,10.2,,657.98
2022-08-06,29.2,,81.1,5.5,3.1,2.5,8.3,,182.361
2022-08-07,29.9,,81.5,7.5,3.8,4,12,,1073.686
2022-08-08,29.7,,78.1,8.9,4.9,5.2,13.3,,1793.187
2022-08-09,29.5,,78.5,6.9,6.9,4.2,11.1,,1380.566
2022-08-10,29.3,,81.1,7,7.5,4.1,10.2,,1226.843
2022-08-11,29.4,,81.3,9,9.5,4.8,13.6,,1362.648
2022-08-12,29,,83,5.9,7,2.9,9.6,,424.905
2022-08-13,29.5,,79.8,7.4,4.6,3.7,11.5,,733.575
2022-08-14,29.9,,80.6,7.7,5.5,5.2,12.2,,1704.674
2022-08-15,30.3,,77.6,9.3,5.9,6.1,14.2,,2582.823
2022-08-16,29.6,,82.1,9,8.6,6.1,14.1,,2283.74
2022-08-17,25.4,,95,9.9,8.9,2.5,15.1,,1001.286
2022-08-18,26.2,,81.4,4.1,5.9,2.2,7.2,,357.296
2022-08-19,29,,83.5,8.8,5.5,4.2,13.2,,1443.198
2022-08-20,28.4,,86.3,6.6,7.3,3.1,10.5,,669.322
2022-08-21,26.6,,83.6,4.8,5.5,2.3,8.2,,431.679
2022-08-22,27.4,,81.4,4,6,1.9,6,,136.627
2022-08-23,28.7,,83.3,4.7,6.5,2.2,7.7,,162.004
2022-08-24,26.2,,75.9,5.2,5.5,2.5,8.7,,755.145
2022-08-25,25.3,,71.9,5.4,4.9,3,8.3,,417.826
2022-08-26,24.5,,73.9,4.3,6.6,2.3,7.3,,734.695
2022-08-27,24,,69.9,4.3,5.9,2.1,9.3,,1648.168
2022-08-28,24.5,,66.1,5.9,5,3.4,10.5,,1424.005
2022-08-29,25.8,,78.1,5.3,7.4,2.5,8.6,,304.42
2022-08-30,28,,81.9,5.2,6,2.3,7.6,,189.602
2022-08-31,24.8,,79.4,6.6,9.5,2.5,11.2,,1821.9
2022-09-01,24.2,,82.4,5.5,9.9,3.6,9.2,,1652.875
2022-09-02,23.5,,93.5,7.7,9.9,4.7,12.9,,2159.934
2022-09-03,26.3,,87.5,8.9,8.4,5.4,12.2,,2042.71
2022-09-04,26,,90.5,9.6,8.9,3.6,17.3,,1438.227
2022-09-05,26.3,,93.3,17.1,10,9.7,25,,3582.091
2022-09-06,22.8,,77.6,18.2,4.4,6.6,28.4,,2019.942
2022-09-07,23.8,,58.4,4.6,2.9,2.5,7.6,,854.892
2022-09-08,23.2,,74.1,5.1,3.5,2.6,7.9,,681.11
2022-09-09,23.7,,73.4,5.1,6.5,3.3,9.1,,886.742
2022-09-10,24.5,,81.9,6.6,7.5,4.5,11.4,,1450.824
2022-09-11,24.6,,88.9,5.6,8.1,3.1,9.1,,583.055
2022-09-12,24.5,,89.6,4.6,9.3,3,7.9,,726.579
2022-09-13,24.7,,91,7.4,8.8,4.5,13.6,,2697.365
2022-09-14,25.4,,88.3,7.3,6.4,5.5,12.4,,3413.902
2022-09-15,26.1,,89.9,7.7,6.6,5.8,12,,3093.687
2022-09-16,26.6,,90.3,7.3,5.1,2.4,9.9,,996.762
2022-09-17,25.5,,85.6,5.9,7.4,3.8,9.9,,1158.746
2022-09-18,27.5,,74.5,8.7,8,5.5,14.6,,2765.045
2022-09-19,24.8,,72.5,9.7,4.3,6.2,19.5,,4578.85
2022-09-20,22.1,,64.3,6.6,9.4,3.9,15.2,,1706.984
2022-09-21,21.9,,61.5,5.8,7.9,4.1,12,,1244.283
2022-09-22,21.8,,75.8,5.6,7,3.2,8.9,,625.341
2022-09-23,21.5,,70.4,5.7,7.9,2.6,10.9,,1947.38
2022-09-24,19.8,,60,7.6,7.5,3.5,12.3,,2070.023
2022-09-25,21.5,,72.1,4.6,8.5,2.4,7.7,,419.025
2022-09-26,22.1,,71,4.9,7.6,2.1,7.8,,260.562
2022-09-27,21.9,,72.9,4.8,5.6,2.2,8.7,,288.168
2022-09-28,22.6,,81.5,4.5,9.4,2.2,6.9,,103.593
2022-09-29,21.8,,74.5,3.9,4.6,1.8,7.1,,94.356
2022-09-30,21.3,,68.4,4.6,0.4,2,6.3,,13.356
2022-10-01,21.4,,72,4.5,3.3,1.9,6,,47.717
2022-10-02,23.4,,81.8,5.5,4.3,2.9,7.8,,1277.204
2022-10-03,25.7,,86.1,7.2,3.4,4.7,10.8,,2435.894
2022-10-04,21.9,,81.8,8,7.3,4.6,15.4,,3645.589
2022-10-05,18.2,,66.6,6.8,7.4,3.4,12.9,,2507.87
2022-10-06,17,,75.9,6.1,9.5,2.8,10.4,,1693.402
2022-10-07,16.7,,65.1,6.1,8.3,3.3,12.3,,2786.607
2022-10-08,18.6,,75.4,6.7,9.8,4.1,12.2,,1737.943
2022-10-09,19,,77.3,7.2,9.9,3.3,14.1,,1619.606
2022-10-10,15.1,,63.8,8.2,6.3,4.1,12.5,,3370.19
2022-10-11,15.3,,64.9,5.8,3.1,3.4,13.7,,3196.914
2022-10-12,17.9,,68,5.8,3.6,3.3,10.7,,1049.755
2022-10-13,20.3,,65.8,7.6,6.6,4.8,12.5,,1916.615
2022-10-14,19.2,,75.4,5.1,4.9,3.3,9.3,,948.847
2022-10-15,19.7,,76.1,6.2,5.9,2.9,9.3,,467.73
2022-10-16,19.9,,77.5,5.5,7.1,2.9,9.5,,691.873
2022-10-17,15.6,,58.1,8.2,4.9,4.5,18.7,,3449.833
2022-10-18,13.3,,49.4,9.1,1,4.1,15.8,,3291.975
2022-10-19,13.7,,55.6,5.9,0.6,3.1,11.9,,2065.174
2022-10-20,16,,68,4.7,2.8,2.5,7.5,,374.131
2022-10-21,18.7,,80.4,3.8,7.8,1.9,6.8,,101.929
2022-10-22,19.7,,74.3,5.2,6.8,2.5,8.9,,557.695
2022-10-23,16.3,,66.3,9.3,1.5,4,16.2,,3118.065
2022-10-24,13.7,,52.3,7.3,1.3,3.9,15.3,,3531.012
2022-10-25,14.1,,57,6.4,2,3,11.2,,1215.155
2022-10-26,17.8,,60.5,5.8,7.8,3.1,9.9,,973.601
2022-10-27,16,,69.4,4.1,6.3,2.1,6.4,,529.98
2022-10-28,16.3,,75,4.8,5.1,2.4,7.8,,559.112
2022-10-29,19.1,,65.8,6.2,5.6,3.9,10.7,,1488.51
2022-10-30,18.4,,65.6,6.8,4.6,4.6,11.3,,1292.677
2022-10-31,17.3,,68.5,7,3.4,4.5,11.8,,1741.989
2022-11-01,16.4,,71.5,6.7,3.4,2.9,10.1,,1726.88
2022-11-02,15.3,,75,4.9,1.3,2.7,8.5,,799.981
2022-11-03,15.6,,56.9,5.3,3.3,2.6,8.4,,1388.813
2022-11-04,11.5,,57.9,8.6,4,4.3,15.4,,3949.837
2022-11-05,11.2,,57.1,7.5,2.9,3.3,13.5,,2909.944
2022-11-06,11.2,,61.4,5.2,1.4,2.7,9,,861.083
2022-11-07,12.4,,70.1,4.2,1.6,2.4,7.4,,178.304
2022-11-08,13.8,,59.4,4.5,0,2.1,7.4,,145.918
2022-11-09,15.8,,68.5,3.2,3.4,1.7,5,,50.25
2022-11-10,18.1,,85.4,5.4,9,2.1,8.7,,187.023
2022-11-11,21,,73.3,5.8,6.9,3.6,8,,503.897
2022-11-12,21.2,,88.4,7.2,7.8,4.3,13.5,,1744.288
2022-11-13,14.5,,77.4,10.4,7.6,5.2,19.8,,3685.526
2022-11-14,12.8,,68.1,7.1,7.3,3.4,13.4,,2839.838
2022-11-15,11.1,,64.3,5.4,3.1,3,10.4,,1672.047
2022-11-16,12.4,,69.3,5.3,1.9,2.2,7.6,,661.176
2022-11-17,14.8,,68.9,4.1,8.4,2.1,7.9,,204.048
2022-11-18,17.5,,68.5,6,4.6,3.8,12,,1092.732
2022-11-19,18.7,,69.4,6.6,6.6,4.1,12.2,,1119.84
2022-11-20,16.5,,84.6,4.5,8.1,3.1,7.8,,839.085
2022-11-21,15.8,,79.3,3.8,6.3,2.3,6.5,,185.171
2022-11-22,16,,82.4,5.9,8.8,2.7,10.3,,595.415
2022-11-23,14.1,,75.5,6.4,6,3.3,14.1,,2665.424
2022-11-24,12.6,,66.5,7.1,1.8,2.6,10.9,,1540.997
2022-11-25,14.4,,73.9,4.6,4.5,2.4,6.7,,267.831
2022-11-26,14.1,,69.3,5.5,1.8,2.8,10.6,,1349.672
2022-11-27,15.3,,60.4,4.8,4.5,2.4,7.5,,549.996
2022-11-28,20.8,,87.1,8,8.6,4.5,14.3,,2789.284
2022-11-29,13.7,,76.6,8.3,8.9,4.3,17.8,,4395.032
2022-11-30,4.6,,64,8.1,10,4.9,16.6,,4957.409
2022-12-01,4,,65.6,6.8,9.5,2.9,12,,1518.865
2022-12-02,5.2,,72.4,5.1,6.6,2.3,8.2,,475.378
2022-12-03,10.2,,89.3,4.2,9.1,2.2,7.9,,435.445
2022-12-04,7.7,,63.4,6.3,7.5,3.6,11.6,,3682.335
2022-12-05,4.8,,55.4,6.9,6.8,3.9,14.6,,4559.882
2022-12-06,5.9,,62.4,7.5,5,2.7,12.9,,2389.317
2022-12-07,8.1,,62.4,7,4.1,2.7,11.3,,1531.598
2022-12-08,8,,65.3,5.2,7.5,2.3,8.1,,602.831
2022-12-09,10,,64.4,3.5,7.3,1.9,5.1,,318.311
2022-12-10,10.5,,67,5.1,8.1,2.4,8.8,,1161.467
2022-12-11,8.1,,60.4,7.7,4.8,3,13.6,,2897.387
2022-12-12,8.2,,66.6,10.9,6.8,3.7,16.3,,1982.345
2022-12-13,9,,54.3,8.6,6.6,3.9,14.2,,3351.209
2022-12-14,3,,74.6,8.5,9.3,3.2,14.5,,2930.375
2022-12-15,4.9,,69.8,5,4.9,2.1,7,,177.526
2022-12-16,5.1,,68.4,6,9.3,3.2,13.7,,2948.239
2022-12-17,2.2,,76.1,11.2,9,4.1,17.6,,3842.996
2022-12-18,0.9,,71.9,10.2,8.5,4.9,18.2,,3176.12
2022-12-19,3.5,,75.4,4.8,8.3,2,8.5,,957.798
2022-12-20,8.5,,68.9,6.9,4.6,2.6,9.9,,265.968
2022-12-21,8.6,,79,7,9.4,2.6,11,,1672.108
2022-12-22,0.9,,87.5,8.3,8.4,3.5,17.1,,4000.188
2022-12-23,-0.3,,81.1,8.1,8.3,4.9,16.1,,3578.306
2022-12-24,2.1,,74.4,6.8,8.5,3.6,13.1,,3953.544
2022-12-25,4.5,,68.4,5.7,4.5,3.4,12.9,,3926.894
2022-12-26,5,,70.5,5.6,5.8,2.5,12.6,,2481.537
2022-12-27,5.4,,65.5,6.1,3.5,2.9,10.5,,2980.983
2022-12-28,5.5,,63.5,5.1,7.3,2.9,11.9,,2548.53
2022-12-29,4.4,,64.3,6.1,7.6,2.4,11,,1755.296
2022-12-30,5.7,,57.6,4.5,7.5,2.4,8.8,,1221.138
2022-12-31,4,,65.5,6.2,3.8,2.5,11,,1907.453
2023-01-01,5.9,,64.9,5.3,6.9,2.2,9.9,,2347.946
2023-01-02,4.2,,55.8,6.9,5,3.5,13,,3869.728
2023-01-03,4.9,,59.4,7.7,7,3.3,12,,3197.665
2023-01-04,4.6,,65.5,6,1.5,2.8,10.5,,1617.722
2023-01-05,6.6,,69,4.9,3.4,2.6,7,,466.154
2023-01-06,8.2,,71.6,4.8,8.1,2.1,9.2,,611.632
2023-01-07,6.7,,57,10,2.5,4.3,15.7,,3165.423
2023-01-08,7.6,,68.6,5,0.3,2.4,6.7,,277.505
2023-01-09,10,,66.4,7.6,2.4,3.2,12.8,,2042.883
2023-01-10,8.9,,66.3,6.6,4.9,2.6,12.5,,1145.517
2023-01-11,9.1,,71.9,3.6,0.8,1.8,6.2,,104.873
2023-01-12,13.5,,90,7.7,5.6,3.1,12.4,,1398.654
2023-01-13,16.7,,95,9.6,9.3,4.4,14.6,,2388.073
2023-01-14,11.4,,90,6,6.9,3.3,13.2,,2847.438
2023-01-15,5.2,,77.3,7.8,7.3,4.6,16.3,,5149.075
2023-01-16,2.6,,65.5,7.7,7.3,4.2,15.7,,4700.738
2023-01-17,3.3,,65.9,6.4,8.3,3.3,11.1,,3033.574
2023-01-18,4.5,,65.1,5.8,8,1.9,9.2,,928.496
2023-01-19,5.6,,61.8,4.7,7.6,2.4,8.3,,620.323
2023-01-20,4.3,,61.6,6.6,5.3,3.2,13.4,,3035.327
2023-01-21,1.9,,64.5,5.3,4.4,2.8,9.4,,1716.915
2023-01-22,7.1,,78.6,5.4,9.3,3,10.4,,1029.492
2023-01-23,7.2,,66.9,6.8,6.6,3.6,13.1,,2751.388
2023-01-24,-2.8,,72,8.6,9.3,4.9,19.6,,3939.967
2023-01-25,-1.9,,68.8,6.3,7.3,2.9,12.8,,1344.032
2023-01-26,5,,66.6,5.3,8.6,2.2,7.2,,311.386
2023-01-27,1.3,,74.1,7.6,8.4,3.6,14.8,,3720.801
2023-01-28,1.4,,63.9,7,8,3.4,12,,2817.809
2023-01-29,4.8,,59.1,5.8,9,3,9.7,,1510.081
2023-01-30,4.7,,52.9,5.5,1.8,2.8,11,,1830.877
2023-01-31,7.1,,63,6.2,1.6,2.9,9.5,,537.873
2023-02-01,8.5,,65.5,7.8,5.4,3.5,13.5,,2829.816
2023-02-02,4.1,,54.1,7.5,4.6,3.4,13.3,,2845.092
2023-02-03,4.1,,60.4,10.3,6.4,4.4,17.1,,3188.588
2023-02-04,4.2,,60.5,6.8,2.3,3,12.7,,2373.987
2023-02-05,4.8,,57.3,5,3.1,2.3,8,,423.495
2023-02-06,8.2,,69.1,4.7,8.8,2.3,7.6,,458.554
2023-02-07,9.8,,70.4,5.1,5.9,2.9,8.5,,1106.115
2023-02-08,8.8,,51.9,7.1,3.9,3.3,10.7,,2188.034
2023-02-09,9.8,,68.9,8.1,9.4,4.1,12.5,,1339.217
2023-02-10,8.3,,80.1,8.5,4.8,4.1,16,,3168.365
2023-02-11,9.7,,75.9,4.1,8.3,2.1,6.5,,331.648
2023-02-12,10.7,,85,6.3,6.8,3.1,11.7,,1164.33
2023-02-13,8.6,,85.4,7.2,7,3.7,13.6,,2292.606
2023-02-14,5.6,,66.8,7.9,4.4,4.2,13.4,,2893.909
2023-02-15,5.6,,79.9,6.1,6.1,3.1,10,,1716.517
2023-02-16,6.8,,86.3,4.4,6,2.2,9.4,,638.9
2023-02-17,9.2,,88.9,3.8,7.9,1.3,4.9,,248.263
2023-02-18,13.6,,89.6,4.4,9,1.6,8,,394.768
2023-02-19,7.8,,72,9,7.4,4.6,15.8,,4325.736
2023-02-20,4.9,,55,6.8,2.8,3.5,12.5,,3767.198
2023-02-21,2.5,,53.4,7.3,3.9,3.6,13,,2282.266
2023-02-22,8.3,,70.1,3.9,8.5,2.2,6.1,,247.845
2023-02-23,7,,81.5,4.6,9.4,2.5,8.6,,970.499
2023-02-24,7.9,,62.9,7.6,5.3,3.4,12.9,,3185.166
2023-02-25,4.1,,56.8,9.7,2.6,4.5,18,,3848.748
2023-02-26,4.8,,52.9,5.5,0.3,3,10.3,,1639.808
2023-02-27,7.6,,63.4,4.1,0.3,2.4,5.1,,72.815
2023-02-28,10.4,,66.4,6.9,3,2.9,10.2,,446.73
2023-03-01,10.3,,73.6,7.3,8.8,2.5,14,,2080.203
2023-03-02,5.5,,46,7.6,2.6,3.9,13.9,,3610.169
2023-03-03,7.8,,44.1,6.3,4.5,2.9,10.4,,1326.403
2023-03-04,9.3,,57.5,4.3,2.5,2.3,7.9,,550.125
2023-03-05,10.4,,63.6,4.9,0.8,2.5,7.8,,113.752
2023-03-06,11.2,,66.8,5.7,1.6,2.5,8.4,,208.567
2023-03-07,13.5,,66.5,8.1,0.4,4,11.6,,867.152
2023-03-08,14.8,,71.4,8.2,3.4,4.2,11.6,,1890.628
2023-03-09,15.5,,80.4,7.3,4.5,3.5,11.6,,1272.342
2023-03-10,13,,72.5,4.3,0.9,1.7,6.2,,157.998
2023-03-11,15.5,,83.4,5.1,6.9,3.1,7.2,,606.561
2023-03-12,11.9,,77.6,11.3,9,4.1,19,,3091.449
2023-03-13,6.1,,49.5,7.2,2,3.4,13.5,,1922.325
2023-03-14,12.1,,58.5,6.4,0.6,4,10.6,,1147.477
2023-03-15,16.5,,67.3,7.9,3.8,3.3,10.7,,1291.836
2023-03-16,10.8,,53.6,6.5,4.3,3.4,11.9,,2081.957
2023-03-17,11.7,,78.5,5.7,9.5,3.2,10.6,,1156.069
2023-03-18,11.2,,55.9,10.7,4.6,3.8,17.1,,2169.373
2023-03-19,10.1,,62.8,7.2,5,2.9,14.2,,1494.872
2023-03-20,12.1,,73.3,2.8,7.6,1.5,4,,108.834
2023-03-21,15,,95.3,4.2,8.1,2.4,7.9,,537.026
2023-03-22,16.5,,96.3,4.8,7.8,2.4,6.9,,317.594
2023-03-23,16.5,,84.3,7.5,9.1,2.8,12.5,,1516.764
2023-03-24,12.3,,86.8,6.1,9.6,2.6,9.9,,1127.254
2023-03-25,13.2,,78.3,5.4,9.6,3.7,9.9,,858.075
2023-03-26,11.5,,58.1,9.5,5.1,3.9,14.4,,2337.176
2023-03-27,9.6,,42.1,8.4,2.8,4.2,13.9,,2665.464
2023-03-28,12,,39.8,5.8,1.3,2.9,8.9,,293.359
2023-03-29,12.7,,69.1,4.1,4.9,2,6.2,,56.27
2023-03-30,13.9,,73.1,4.6,8.3,2.2,7.2,,134.843
2023-03-31,16.2,,49,6.1,4.5,2.8,9.3,,225.692
2023-04-01,15.7,,81.1,5.7,5.1,3,8.7,,365.265
2023-04-02,15.9,,60,8.6,0.9,5.2,15.4,,1835.661
2023-04-03,15.8,,69.4,8.3,5.6,5.3,13,,1857.479
2023-04-04,17.6,,82.5,9.6,9.9,6,15.1,,3306.537
2023-04-05,15.6,,93,10.6,9.1,5.4,16.3,,2434.589
2023-04-06,11.8,,82,5.1,9.3,2.3,8.8,,933.211
2023-04-07,11.2,,71.4,9.7,4.4,4.3,15.6,,3133.748
2023-04-08,9.7,,52.9,8.2,1.3,3.3,13.7,,2144.211
2023-04-09,11.6,,42.5,4.8,0.1,2.4,7.2,,483.426
2023-04-10,14.4,,64.4,7.5,3.8,4.3,11.4,,1523.377
2023-04-11,18.4,,77.6,10.7,6.4,5.3,16.5,,2588.848
2023-04-12,13.8,,32,6.5,1.4,3.7,11.7,,2028.306
2023-04-13,14.3,,53.1,4.6,4.1,2.3,6.1,,548.6
2023-04-14,15.2,,93,7.6,8.6,3.4,10.8,,1566.049
2023-04-15,14.5,,83.4,6.3,7,3.6,11.5,,1755.324
2023-04-16,14.1,,65.4,10.9,2.8,4.6,15.6,,1338.076
2023-04-17,15.5,,57.6,6.3,1.3,3.3,8.7,,1450.472
2023-04-18,19.8,,87.6,12.3,5.5,7.1,18.1,,3603.291
2023-04-19,18.9,,90.5,5.1,6.8,2.6,8.9,,531.414
2023-04-20,18.2,,79.3,6.1,3.3,1.6,9.8,,335.753
2023-04-21,18,,67.9,8.7,2.5,4.2,14.5,,1958.44
2023-04-22,15.7,,57.9,8.5,5.1,5.9,14.8,,2246.665
2023-04-23,15.3,,61.8,8.1,8.6,5.8,13.5,,2807.305
2023-04-24,14.1,,69.9,7.2,9.1,4.8,12.3,,2229.347
2023-04-25,12.5,,90,4.7,9.9,2.9,7.6,,741.769
2023-04-26,12.6,,59.1,8.4,0.5,4,13.9,,1945.429
2023-04-27,12.7,,64.8,5.2,2.9,2.7,9.7,,529.448
2023-04-28,17.5,,82.4,5.1,6.9,2.7,7.3,,1554.147
2023-04-29,15.9,,89.9,8.5,9.6,4,13.6,,2201.503
2023-04-30,14.5,,63.5,6.2,2.1,2.8,9.3,,1544.36
2023-05-01,16.1,,56.5,5,0,2.4,7.5,,354.245
2023-05-02,16.9,,68.6,4.4,5.3,2.6,6.2,,693.453
2023-05-03,17.1,,88.3,6.9,9.1,3.4,8.9,,2322.117
2023-05-04,17.7,,97.6,12,9.4,5.9,16.8,,3870.254
2023-05-05,19.5,,97.5,8.5,9.5,6.4,14.3,,4710.125
2023-05-06,17.6,,92.1,8.4,8.3,3.7,13.6,,865.959
2023-05-07,13.7,,91.4,7.3,8.6,4.8,13.5,,2261.12
2023-05-08,14,,61.6,6,5.4,3.3,9.5,,907.202
2023-05-09,16.5,,49.9,4.9,0.6,2.4,8.5,,620.519
2023-05-10,18.9,,44.8,5.6,3.6,2.6,8.6,,947.028
2023-05-11,17.3,,73.5,4.9,6.4,2.1,7,,201.965
2023-05-12,16.8,,80.8,5.7,9.1,2.4,8.3,,231.915
2023-05-13,14.8,,93.8,4.6,6.9,2.6,7.1,,385.052
2023-05-14,17,,83.6,5.4,2.6,2.4,7.8,,214.653
2023-05-15,17.4,,84.1,7.6,5.1,2.6,15.7,,727.268
2023-05-16,18.7,,88,6.7,4,3,9.3,,406.728
2023-05-17,21.3,,86.4,5.7,7.3,3,8.6,,2114.458
2023-05-18,17.8,,96,7.3,8.1,4.2,13.9,,2826.812
2023-05-19,18.8,,84.4,6.1,6.6,3.9,11.7,,1364.732
2023-05-20,18.4,,81.9,4.8,6,2.4,8.3,,117.149
2023-05-21,17.2,,85.9,3.7,5.8,1.9,5.9,,331.692
2023-05-22,17.1,,66.8,5.2,7.4,2.4,9.7,,1621.517
2023-05-23,18.8,,66.6,4.5,0.3,2.5,8.4,,1008.658
2023-05-24,18.1,,73.3,4,7.3,1.6,5.1,,62.337
2023-05-25,19.6,,73.8,3.7,4.3,2.1,5,,411.253
2023-05-26,21.1,,87.1,5.1,6.3,2.4,7.8,,789.358
2023-05-27,21.1,,90.5,5.3,9.5,3.3,9,,2954.221
2023-05-28,21.7,,95,6.4,8.9,4.5,10.2,,2872.1
2023-05-29,22.6,,93.4,6.7,9.6,4.3,10.5,,1298.017
2023-05-30,20.1,,97.4,4.9,8.4,2,9.3,,463.341
2023-05-31,19.7,,90.3,5.7,6.4,3.4,9.3,,826.293
2023-06-01,20.6,,96.5,3.4,8.6,1.2,5.9,,191.16
2023-06-02,22.3,,78,7.6,4.3,3.4,12.1,,2007.047
2023-06-03,21.3,,64.1,6.2,1.8,3,10.1,,1484.01
2023-06-04,22.9,,37.9,5.9,8.8,2.4,8.7,,965.925
2023-06-05,19.7,,65.1,5.9,10,2.5,10.5,,1091.707
2023-06-06,18.4,,90.6,4.7,6.4,2.4,6.7,,433.332
2023-06-07,19.8,,82.9,6.2,6.6,2.5,8.5,,337.685
2023-06-08,20.2,,90.1,3.3,6,1.6,4.4,,259.312
2023-06-09,21.3,,85.6,5.5,3.8,3.1,8.7,,478.818
2023-06-10,21.9,,86.8,4.8,5.3,2.1,7.1,,694.914
2023-06-11,22.7,,88.1,3.8,5.8,1.7,5.7,,184.289
2023-06-12,22.2,,89.4,4.2,6.5,1.8,6.1,,53.084
2023-06-13,22.3,,85.8,3.6,8.4,1.5,5.6,,55.192
2023-06-14,22.3,,73.1,4.4,5.3,1.5,6.6,,222.444
2023-06-15,21.8,,73,4.4,2.3,1.9,6.8,,233.002
2023-06-16,21.7,,77.4,3.9,4.6,2,5.2,,49.161
2023-06-17,22.3,,80.8,3.7,6.3,1.9,5.4,,38.903
2023-06-18,22.7,,81,3.7,8.8,1.7,5.1,,51.22
2023-06-19,22.5,,79.4,5.4,5.1,2.3,8,,295.92
2023-06-20,23.3,,92.9,6,8,4,8.6,,1048.506
2023-06-21,22.5,,88.5,5.6,6.6,2.3,9.6,,852.443
2023-06-22,22.6,,77.1,6,6.9,2.2,8.7,,812.139
2023-06-23,22.6,,79,4.3,6.3,1.7,6.1,,205.232
2023-06-24,23.9,,84.4,6.2,9.5,3.7,8.6,,594.162
2023-06-25,22.6,,95.4,12.8,10,4.6,18.6,,1189.783
2023-06-26,24.1,,96,7.6,9.6,4.5,12.1,,2941.827
2023-06-27,24,,97.5,7.6,9,5,12,,2394.242
2023-06-28,25.4,,93.3,10.7,7.3,5.4,15.3,,2062.277
2023-06-29,25.1,,95,9.1,7.6,5.7,15.1,,2978.626
2023-06-30,24.3,,96.9,6.4,9.3,2.7,10.5,,1151.216
2023-07-01,24,,94.4,2.8,7.4,0.8,4.7,,57.446
2023-07-02,24.9,,94.8,4.2,8.5,2,7,,220.96
2023-07-03,24.3,,96.9,4.6,9.3,0.9,7.8,,165.287
2023-07-04,24.2,,97.8,3.7,9.9,1.3,5.4,,505.279
2023-07-05,25.4,,89.3,6,4.9,2.2,8.7,,907.249
2023-07-06,24.4,,87.4,5.9,3.6,2.6,8.2,,246.049
2023-07-07,25.3,,97.6,5.8,9.9,2.3,8.5,,917.16
2023-07-08,25.3,,97,5.7,9.6,3.5,8.8,,898.721
2023-07-09,26.2,,91,6.7,9.3,3.3,10.2,,873.384
2023-07-10,26.7,,89.5,9.9,6.4,4.5,14.2,,1650.834
2023-07-11,26.8,,91.3,7.3,7.6,4.8,12,,2100.517
2023-07-12,27.9,,86,9.2,7,6.5,13.8,,2363.82
2023-07-13,27.3,,89.1,8,9.5,5.9,12.1,,3082.8
2023-07-14,27.1,,90.6,12,9,5.9,18.3,,3838.62
2023-07-15,27,,94.1,8.8,6.9,5.3,13.7,,3161.657
2023-07-16,27.1,,94.3,6.6,5,4.4,10.6,,2328.469
2023-07-17,27.1,,91.1,6.7,7.6,2.6,9.7,,1342.992
2023-07-18,26.9,,92.3,7.4,7.6,4.4,11.5,,2547.727
2023-07-19,25.8,,86.1,6.1,6.8,2.4,9.8,,662.155
2023-07-20,25.4,,89.3,3.2,9.5,1.3,5.5,,19.258
2023-07-21,26.5,,89.4,4,8.3,1.7,8.2,,552.7
2023-07-22,25.9,,94.8,9.4,9.6,4.2,12.6,,2934.046
2023-07-23,26.8,,94.1,7,9.5,3.8,9.9,,2669.188
2023-07-24,26.2,,91.9,6.8,8.5,3.5,10.8,,1451.749
2023-07-25,26.3,,91,3.9,9.1,1.7,5.8,,784.764
2023-07-26,28.2,,89.6,4.1,7.5,1.6,6.7,,669.812
2023-07-27,28.9,,88,3.7,6,2.5,5.2,,999.597
2023-07-28,27.6,,87.9,5.9,8.9,2.1,8.6,,917.418
2023-07-29,28.6,,87.5,3.6,6.8,2.1,4.9,,826.779
2023-07-30,28.7,,85.1,5.4,4.6,2.6,7.4,,600.751
2023-07-31,27.6,,86.8,4.9,5.9,2,8,,174.082
2023-08-01,28.2,,87,5,4.6,2.6,8,,251.459
2023-08-02,29,,88.1,4.7,2,2.3,7,,245.679
2023-08-03,29.8,,80.9,5.6,3.8,3.3,7.8,,761.975
2023-08-04,29.3,,83.6,6.2,4.6,3.6,10.9,,804.611
2023-08-05,29.2,,80.6,5.6,2.5,2.9,8.5,,607.865
2023-08-06,28.9,,84,6.9,4,3.8,10.1,,1254.639
2023-08-07,29.6,,80.6,5.9,4.6,4.2,10,,1188.147
2023-08-08,29.2,,81,7.5,5.4,5.1,14.8,,2215.196
2023-08-09,27,,87.9,10.1,9.4,6.9,18.5,,3916.071
2023-08-10,26.6,,81.3,10.7,5.4,5.2,17.1,,3323.354
2023-08-11,27.7,,77,6.5,4,2.6,9,,297.656
2023-08-12,27,,81.3,4.1,6,1.7,5.9,,76.603
2023-08-13,27.4,,83.1,3.8,4,1.7,5.5,,60.998
2023-08-14,27.3,,84,5.5,2.4,2.3,8.3,,166.497
2023-08-15,27.8,,79.5,4.9,4.9,2.6,7.4,,167.995
2023-08-16,27,,84.9,3.8,6.6,1.4,6.2,,168.772
2023-08-17,27.2,,83.9,5.5,5.4,2.1,7.5,,118.585
2023-08-18,27.4,,85.4,5.8,5.3,2.7,9.3,,409.275
2023-08-19,27.7,,88,3.5,4.3,1.8,5.5,,58.932
2023-08-20,28.2,,85,3.7,2.3,1.5,5.4,,97.294
2023-08-21,29,,83,4.9,3.1,2.9,7.5,,1029.084
2023-08-22,28.6,,83.4,6.3,5.5,4.2,9.9,,1714.055
2023-08-23,27.9,,87.9,7,8,3.8,12.9,,1434.804
2023-08-24,26.4,,87.6,5.6,7.1,1.9,9.2,,460.099
2023-08-25,26.1,,77.4,4.1,2.9,2.1,6.4,,131.269
2023-08-26,26.3,,77.3,4.1,1,2.2,6.1,,166.634
2023-08-27,27.8,,83.1,5.1,3,2.3,6.9,,189.536
2023-08-28,28.7,,82.3,8.5,7.8,5.5,13.4,,2341.504
2023-08-29,27.8,,88.6,8.2,8.1,3.9,12.3,,1095.743
2023-08-30,24.4,,93.4,6.2,8.1,2,10.4,,754.523
2023-08-31,24.6,,77.6,5,6.1,2.5,8.8,,962.136
2023-09-01,25.4,,90.6,8.2,8.1,3,12.8,,651.852
2023-09-02,27.9,,81.8,6,5.4,3,9,,880.225
2023-09-03,28.3,,81.5,5.6,4.8,2.7,7.6,,503.028
2023-09-04,27.2,,86.1,6.1,3.1,2.7,9.4,,428.331
2023-09-05,26.7,,75.8,5.9,4.8,2.8,9.2,,573.475
2023-09-06,26.5,,74.6,5.1,2.4,2.3,8.8,,444.151
2023-09-07,26.4,,67.3,5.6,3.4,3.7,10.4,,800.336
2023-09-08,25,,71.3,5.7,1.9,3,9.7,,606.034
2023-09-09,24.8,,72,4.7,3.5,2.3,7.4,,88.659
2023-09-10,24.8,,75.9,4.3,6.5,2.1,8,,92.446
2023-09-11,25.7,,79.9,5.1,5,2,7.7,,54.115
2023-09-12,26.7,,80.4,4.2,8,1.8,6.9,,74.499
2023-09-13,27,,80.9,4,8.3,1.7,5.7,,317.605
2023-09-14,25.6,,83,5.3,9.1,2.5,8.1,,532.238
2023-09-15,28.4,,83,5.3,4.4,3.2,7.8,,398.011
2023-09-16,27,,87.9,6.3,7.3,2,9.9,,610.119
2023-09-17,25.2,,88.9,6.8,9,2.4,10.1,,284.605
2023-09-18,25.3,,85.6,4.1,4.9,1.6,6,,66.755
2023-09-19,25.2,,79.9,3.2,4.5,1.1,4.4,,62.48
2023-09-20,26.6,,86.4,8.4,8.3,4.4,13.3,,2325.956
2023-09-21,23.5,,78.5,8.9,7.9,4,15,,2909.372
2023-09-22,22.6,,88.3,4,7.9,2.1,7.7,,584.017
2023-09-23,24.1,,73,6.5,7.8,3.9,12.4,,1402.712
2023-09-24,24.9,,69.8,8.1,7.3,5.5,13.5,,2295.194
2023-09-25,25.2,,80.8,5.8,7,3.2,9.2,,636.222
2023-09-26,25.1,,81.9,4.5,4.6,2,7.4,,229.291
2023-09-27,24.4,,79.6,5.3,6,2,8.5,,418.644
2023-09-28,24.1,,76.9,5.2,6,2.2,9.2,,651.836
2023-09-29,23.1,,73.8,4.1,3.1,1.7,6.6,,389.298
2023-09-30,19.6,,84.9,5.1,6.3,1.6,9.5,,932.306
2023-10-01,20.6,,66.4,5.7,3.8,2.1,10.9,,2044.387
2023-10-02,20.2,,56.5,5.6,6.1,2,9,,912.17
2023-10-03,22.4,,70.3,4.7,9.5,2.7,8.6,,711.425
2023-10-04,21.3,,70.5,6,4.5,2.5,10.1,,1194.251
2023-10-05,18.7,,55.3,6.8,5.3,3.6,13.6,,3279.946
2023-10-06,17.8,,59.6,5.5,9.1,2.7,9.8,,1859.094
2023-10-07,18,,79.8,5.6,9.6,1.7,9.3,,700.819
2023-10-08,21.5,,66.6,7.8,7.9,5.2,12.2,,1971.534
2023-10-09,20.1,,75.6,6.1,7.5,2.9,11.3,,1050.223
2023-10-10,19.1,,70.3,6.4,6,2.1,11.4,,1447.328
2023-10-11,20.2,,66.6,5.6,4.4,2.9,10.2,,827.676
2023-10-12,19.6,,63.6,5.6,1.9,2.9,10.4,,643.612
2023-10-13,19.9,,69.8,5.2,8.6,2.7,9.2,,464.858
2023-10-14,19.4,,65.4,4.9,3.8,2.3,10.5,,725.037
2023-10-15,18.2,,68.9,7.3,1.9,3.4,11.6,,1449.643
2023-10-16,17.7,,65.3,8.5,1,3.6,13.4,,2348.085
2023-10-17,17.2,,65.8,7.1,0,3.1,12.9,,1710.671
2023-10-18,18.1,,78.5,4.4,0.3,2.1,5.9,,124.54
2023-10-19,19.8,,76,4.9,6.3,1.8,8.4,,58.545
2023-10-20,15.7,,61,5.8,7.4,3.3,13.8,,4045.852
2023-10-21,15.1,,59,7.1,1.9,2.5,10.2,,2101.91
2023-10-22,15.8,,65.5,4.5,3.5,1.7,8.9,,580.395
2023-10-23,15.9,,70.5,3.6,1.4,0.9,6.4,,35.426
2023-10-24,16.7,,73.4,3,3.5,0.6,4.3,,18.798
2023-10-25,18.4,,72.3,5.7,0.9,0.9,8,,47.186
2023-10-26,18.5,,72.9,4.5,2,0.9,8.9,,384.814
2023-10-27,16.8,,65.3,7.4,0.6,3.3,13.9,,2224.804
2023-10-28,16.7,,68.8,4.2,0.6,2,7.3,,848.829
2023-10-29,17.3,,72.4,3.6,2.1,1.8,5,,59.125
2023-10-30,17.9,,73.5,3.1,1.5,1.5,4.6,,27.865
2023-10-31,17,,68.4,3.4,0.3,1.5,5.1,,41.751
2023-11-01,19.3,,73.6,5.8,0,2.8,9.3,,399.124
2023-11-02,20.4,,73.9,5.2,0,2.9,8.1,,745.828
2023-11-03,22.1,,76.6,4.9,2.8,2.3,6.9,,588.253
2023-11-04,21.9,,82.4,5.6,7.8,2,8.1,,325.119
2023-11-05,23.2,,82.8,10.1,8.5,5.1,15.3,,2851.786
2023-11-06,18.5,,72.3,11.5,8.8,5,20.4,,3778.976
2023-11-07,13.7,,64.4,6.9,4.5,2.7,10.7,,2598.811
2023-11-08,14.4,,75.1,3.4,4.3,1.6,6.3,,396.859
2023-11-09,18.8,,77.9,4.8,7.9,1.9,6.9,,406.713
2023-11-10,12.1,,66.8,7.6,8.8,3.7,16.5,,3982.341
2023-11-11,10,,56.8,8.1,6.4,3.1,15.8,,3426.789
2023-11-12,9.3,,60.1,6.2,8.3,3.1,10.7,,3400.322
2023-11-13,7.8,,67.9,6.8,6.9,2.9,14.2,,3372.662
2023-11-14,10.1,,65.9,5.9,7.9,2.4,11.1,,1541.067
2023-11-15,11.6,,62.4,5,4.6,2.1,8.1,,435.454
2023-11-16,11,,77.1,8.4,7.9,2.5,13.9,,2109.981
2023-11-17,8.4,,78.3,8.7,7,4,16.8,,3891.682
2023-11-18,7.3,,68.1,7.8,7.3,3.8,15.9,,3510.551
2023-11-19,11.8,,65.9,6.2,1.6,2.4,10.1,,1470.298
2023-11-20,10.9,,67.3,4.8,1,2.3,9.5,,1117.436
2023-11-21,12.8,,77.4,3.6,2.5,1.8,5.2,,36.243
2023-11-22,15.4,,75.9,4.3,3.9,2.1,7.4,,498.853
2023-11-23,17.7,,67.6,7.3,4.8,3.9,13.1,,2306.014
2023-11-24,7.6,,56.9,7.7,7.8,3.8,14.8,,5184.999
2023-11-25,5.6,,61.6,6.2,5,3.3,11.6,,2281.374
2023-11-26,8.9,,74.5,3.9,5,1.9,5.7,,193.334
2023-11-27,13.3,,71.9,7.9,5.6,3,11.5,,1838.482
2023-11-28,9,,68.4,6.7,5.1,2.8,11.3,,1828.622
2023-11-29,9.9,,68.4,4.6,7.9,2.6,11.1,,1216.723
2023-11-30,5.7,,68,5.5,9.5,2.5,12,,3970.236
2023-12-01,5.1,,79.3,5.1,8.1,2.3,9.3,,2781.438
2023-12-02,7.8,,65.6,4.7,8,2.2,6.9,,617.969
2023-12-03,9.1,,63,4.7,4.9,2.6,9.6,,1216.828
2023-12-04,8.9,,73.4,4.2,4.5,2.1,7.2,,367.689
2023-12-05,10.7,,66.5,4.9,3.3,2.2,8,,543.063
2023-12-06,12,,69.5,8.1,6.5,3.5,15.5,,2086.024
2023-12-07,10.8,,56.8,5.3,1.5,2.4,11.1,,1736.024
2023-12-08,15.8,,67.6,8.4,0.3,4.8,12.9,,3641.852
2023-12-09,16.8,,79,6.2,5.1,2.8,9.3,,1036.624
2023-12-10,16.8,,86.3,6.6,5.1,2.6,9.5,,692.977
2023-12-11,17.1,,89.3,11,7.1,5.9,19.8,,3111.007
2023-12-12,11,,85.4,10.9,8.5,3.6,19.1,,3552.482
2023-12-13,15,,71,6,8,3.2,8.9,,970.128
2023-12-14,17.9,,87.9,8.6,8.9,4.4,12.5,,1689.984
2023-12-15,15.6,,87,9.5,8.5,4.4,16.7,,3815.672
2023-12-16,4.8,,76,8.1,9.6,4.5,15.3,,4931.667
2023-12-17,0.8,,83.5,5.9,9.5,2.3,13.1,,2866.985
2023-12-18,3.1,,74.8,5.7,8.9,3,8.8,,1079.685
2023-12-19,5.4,,76.6,3.6,9,1.8,8.1,,1754.191
2023-12-20,3.9,,64.1,8,9,3.4,13.7,,4408.417
2023-12-21,-0.5,,87.8,7.9,9.1,2.4,15.7,,3469.899
2023-12-22,0.1,,79.6,4.8,8.1,2.5,10.4,,3164.029
2023-12-23,2.1,,77.9,4.3,8.8,1.6,6.8,,731.165
2023-12-24,4.2,,79.5,6.3,8.4,2.1,9,,1226.746
2023-12-25,4,,75.3,5,8,1.6,7.8,,1282.24
2023-12-26,6.3,,76.4,4,7.5,2,7.2,,171.026
2023-12-27,8.5,,74.1,4.3,5.5,1.7,6.3,,255.926
2023-12-28,9.3,,70.3,5,6.5,2.1,9.7,,878.244
2023-12-29,7,,73.3,4.4,4.4,2.8,9.8,,1742.895
2023-12-30,11.1,,79.3,5.3,6,2.1,8.5,,569.604
2023-12-31,9.5,,64.6,8.1,7,3.9,17.9,,4316.779
